model,probability_calibration,method,marginal_coverage_mean,coverage_class_1_mean,average_set_size_mean,abstention_rate_mean,mean_cost_mean,cost_rank,minority_coverage_rank
ada,isotonic,aps_cp,0.9020036774511847,0.6150682307690948,1.0803187369611087,0.19481035581888706,0.34348698280126577,4.4,4.266666666666667
ada,isotonic,capacity_limited_mondrian,0.9043818538959457,0.7235676439508284,1.0698243861446275,0.0803113047959724,0.41629699178379176,4.8,4.1
ada,isotonic,class_conditional_rejector,0.956535620523002,0.5037103793532568,1.126986378723475,0.12698637872347518,0.4020772485418987,4.266666666666667,4.233333333333333
ada,isotonic,class_weighted_threshold,0.7819119346057805,0.8118863087729297,1.0,0.0,0.33726387775339745,5.0,4.7
ada,isotonic,confidence_rejector,0.9952423315285865,0.9489551320805987,1.6458785182586437,0.6458785182586436,0.03281188616723071,4.666666666666667,4.733333333333333
ada,isotonic,cost_controlled_mondrian,0.9936963315787994,0.9757919416836712,1.7364331103979114,0.7364331103979114,0.023486482450399825,4.533333333333333,4.566666666666666
ada,isotonic,cost_tuned_threshold,0.7829894214659278,0.8039395853122028,1.0,0.0,0.34099836731392935,4.666666666666667,4.866666666666666
ada,isotonic,marginal_cp,0.9201259336633145,0.33731729845728,1.0414267328802604,0.10005546545065483,0.4222394749965498,4.6,4.3
ada,isotonic,mondrian_cp,0.9343559541559748,0.9358403549739683,1.4013676464650127,0.4118545651163577,0.12615598918350215,4.466666666666667,4.033333333333333
ada,isotonic,random_oversampling_threshold,0.7805999986478308,0.812511883744605,1.0,0.0,0.33560007825791316,4.933333333333334,4.833333333333333
ada,isotonic,raps_cp,0.9029777135560656,0.5358579535478836,1.0500888177277872,0.14334186189685102,0.4172785682284673,4.8,4.733333333333333
ada,isotonic,risk_controlled_rejector,0.9425621241900796,0.4790189128306476,1.0706835111031858,0.07068351110318562,0.4669637260501636,4.333333333333333,4.333333333333333
ada,none,aps_cp,0.9007934793314958,0.5396784758331773,1.079515776328197,0.1730959771018543,0.4253885691932542,6.333333333333333,6.033333333333333
ada,none,capacity_limited_mondrian,0.8827891729444346,0.7579013169434669,1.0523511340769658,0.08130082814025837,0.38638645535149946,4.8,4.266666666666667
ada,none,class_conditional_rejector,0.9540954745420642,0.4919054659326249,1.1160974365277962,0.11609743652779629,0.4301560164853556,4.466666666666667,4.666666666666667
ada,none,class_weighted_threshold,0.7828963238393523,0.8253070853420624,1.0,0.0,0.32966079860137953,5.0,4.466666666666667
ada,none,confidence_rejector,0.9972680558421784,0.9642092173083786,1.6754490227706966,0.6754490227706965,0.02393085112365791,4.366666666666666,4.4
ada,none,cost_controlled_mondrian,0.9846694993841896,0.955138993568673,1.566243612774315,0.5736494441037507,0.03841780450979495,3.8666666666666667,3.9
ada,none,cost_tuned_threshold,0.7881853737902332,0.809786866932053,1.0,0.0,0.33289863298357736,4.8,4.666666666666667
ada,none,marginal_cp,0.9046594702701217,0.26321283312091626,1.013860204475528,0.10399538113545526,0.4245084232853713,4.466666666666667,4.2
ada,none,mondrian_cp,0.9043828595036754,0.9065624771378374,1.2622787882098903,0.2913877044797489,0.17115347872626005,4.533333333333333,3.9
ada,none,random_oversampling_threshold,0.7882871522582862,0.8270263522811002,1.0,0.0,0.32408118027503696,4.6,4.5
ada,none,raps_cp,0.9007566196325368,0.4855959680130242,1.0548088845246903,0.13737790626708601,0.4666030629659578,5.866666666666666,5.8
ada,none,risk_controlled_rejector,0.9408949446592106,0.471354410321211,1.060740934202164,0.06074093420216398,0.4878472077316468,4.133333333333334,4.466666666666667
ada,sigmoid,aps_cp,0.9005117216688631,0.2989228480645856,1.0702837378490981,0.16258021516602456,0.506713547308949,6.033333333333333,5.866666666666666
ada,sigmoid,capacity_limited_mondrian,0.882575963834612,0.7450701630164379,1.0493678076125499,0.07977558152266687,0.3976015997583158,4.733333333333333,4.533333333333333
ada,sigmoid,class_conditional_rejector,0.9467931864956862,0.24616227801281065,1.1112207548252113,0.11122075482521124,0.5166720062897342,4.766666666666667,4.766666666666667
ada,sigmoid,class_weighted_threshold,0.7838327664777452,0.8211877866010632,1.0,0.0,0.32955427724718084,4.5,4.266666666666667
ada,sigmoid,confidence_rejector,0.998567909807261,0.9805259862117525,1.788740141325922,0.7887401413259222,0.014318595388351748,5.1,5.133333333333334
ada,sigmoid,cost_controlled_mondrian,0.9861988753234198,0.9521200171216065,1.5698085705873075,0.5746305446006245,0.04233774691159128,3.7666666666666666,3.7
ada,sigmoid,cost_tuned_threshold,0.7810658427587343,0.8152257692441036,1.0,0.0,0.33150854523886397,4.533333333333333,3.9
ada,sigmoid,marginal_cp,0.9038845742309359,0.2064684280140412,1.012469913340463,0.10616958302961596,0.45407671228063146,4.133333333333334,3.933333333333333
ada,sigmoid,mondrian_cp,0.9049307465879515,0.8992541596706122,1.2612900801902884,0.2921923353366084,0.17158136604390575,4.466666666666667,4.7
ada,sigmoid,random_oversampling_threshold,0.7846883833812904,0.8302361922656138,1.0,0.0,0.32692420962506025,4.4,4.266666666666667
ada,sigmoid,raps_cp,0.9006724089060468,0.24144076691501254,1.054140660454101,0.13326867255535407,0.5616537177047897,5.6,5.833333333333333
ada,sigmoid,risk_controlled_rejector,0.9361093911087681,0.21329467363440893,1.0606688835943698,0.06066888359436977,0.5988457357305683,4.833333333333333,4.833333333333333
et,isotonic,aps_cp,0.9001895386955721,0.6494930702924882,1.0704483782095706,0.19343742168872355,0.31040060876396386,2.4,2.3
et,isotonic,capacity_limited_mondrian,0.9078121341765353,0.749399996439226,1.065416136330937,0.08216740295400585,0.3621695290653887,2.8,3.2333333333333334
et,isotonic,class_conditional_rejector,0.9586920041947191,0.5575501072452089,1.116669129388914,0.11666912938891391,0.37166274043263153,3.1333333333333333,3.1666666666666665
et,isotonic,class_weighted_threshold,0.8026643555804107,0.8130056534109241,1.0,0.0,0.3182120674833197,2.8,3.2666666666666666
et,isotonic,confidence_rejector,0.9951615282569427,0.9585493340994583,1.6816869861959747,0.6816869861959748,0.031222601878795917,4.533333333333333,4.333333333333333
et,isotonic,cost_controlled_mondrian,0.9916306361235236,0.9793035727910071,1.7258890608476447,0.7286686970994722,0.020224809883744078,4.366666666666666,4.0
et,isotonic,cost_tuned_threshold,0.8043086457927555,0.8227613632737895,1.0,0.0,0.3092992314081298,2.533333333333333,3.2666666666666666
et,isotonic,marginal_cp,0.9215185765954561,0.4038912118550245,1.0354721590860967,0.1028430934671108,0.3703305015402981,2.6,2.6333333333333333
et,isotonic,mondrian_cp,0.9345143892068959,0.9358071358302316,1.4009441255363144,0.4176953921593835,0.11464697876178337,3.8666666666666667,4.666666666666667
et,isotonic,random_oversampling_threshold,0.7940251148930169,0.815181155414132,1.0,0.0,0.3202531395061198,3.0,3.0
et,isotonic,raps_cp,0.9009372639540939,0.5778526628237028,1.0408803685489045,0.14334606079759407,0.3814188666452975,2.4,2.2333333333333334
et,isotonic,risk_controlled_rejector,0.9461286476933914,0.5353626702690459,1.0692545033119478,0.06925450331194778,0.4272159904114695,2.6666666666666665,2.6333333333333333
et,none,aps_cp,0.9008640372291432,0.6299399819917023,1.0748089324685821,0.1972898787352835,0.34352736751604546,4.133333333333334,3.8
et,none,capacity_limited_mondrian,0.8839212573362362,0.7788990397564124,1.0410856938608286,0.08448176750239433,0.34699434917888683,3.2666666666666666,3.9
et,none,class_conditional_rejector,0.9499863450557108,0.4310121167215266,1.0918278527324712,0.09182785273247117,0.4699051899882984,5.333333333333333,5.566666666666666
et,none,class_weighted_threshold,0.8025435147625196,0.8356651545830329,1.0,0.0,0.309823764334172,3.0,3.433333333333333
et,none,confidence_rejector,0.9978313034840427,0.9680209654262131,1.6258869049330076,0.6258869049330077,0.021673125925343893,4.733333333333333,4.966666666666667
et,none,cost_controlled_mondrian,0.9839901400538562,0.9591470205514916,1.54721799763166,0.5558101111780791,0.03762404907379048,4.466666666666667,4.533333333333333
et,none,cost_tuned_threshold,0.8007469133952471,0.8403927430003164,1.0,0.0,0.3028007115504671,2.466666666666667,2.6666666666666665
et,none,marginal_cp,0.9020268409201317,0.21465938740783488,0.9997599450915915,0.10423554556299788,0.4163710927219753,4.066666666666666,6.466666666666667
et,none,mondrian_cp,0.903238527626686,0.908151026128016,1.2317407403748883,0.2754311261667982,0.1523500855226673,3.8,4.6
et,none,random_oversampling_threshold,0.7988911856423915,0.8252455684201966,1.0,0.0,0.3138615650773735,3.066666666666667,3.4
et,none,raps_cp,0.9022896085486881,0.5238797106345553,1.0428769958341988,0.14228079351116926,0.4321325670405705,4.6,4.8
et,none,risk_controlled_rejector,0.9403231732905772,0.4026593611765128,1.05028197684179,0.050281976841789804,0.5407172814380644,5.666666666666667,5.9
et,sigmoid,aps_cp,0.9009605513295578,0.4660927225117703,1.0544624716904172,0.1567663950071453,0.4425849083050476,4.0,3.7
et,sigmoid,capacity_limited_mondrian,0.8835108728456511,0.7769100950033238,1.04250219630784,0.08439780481374244,0.3520867334924922,2.8,2.8
et,sigmoid,class_conditional_rejector,0.9493191079821836,0.3764854057488792,1.0949524360657572,0.09495243606575719,0.48422478744832304,4.233333333333333,4.233333333333333
et,sigmoid,class_weighted_threshold,0.8003790637671975,0.8262571899233697,1.0,0.0,0.31502702346299477,2.7333333333333334,3.1666666666666665
et,sigmoid,confidence_rejector,0.9983882672322466,0.9790428857349821,1.8019962940729475,0.8019962940729477,0.016086174734368616,5.466666666666667,5.3
et,sigmoid,cost_controlled_mondrian,0.984036267007092,0.9593129680904734,1.558859326451633,0.5666940582930866,0.03914237161338516,4.8,4.8
et,sigmoid,cost_tuned_threshold,0.8063413147260273,0.8210698909620814,1.0,0.0,0.30990672889484416,2.6,3.3666666666666667
et,sigmoid,marginal_cp,0.9010136501625721,0.2194399153412969,0.9997179538090261,0.10753808789846113,0.40381487560918894,2.7,3.8666666666666667
et,sigmoid,mondrian_cp,0.9032756561347907,0.9074930271627449,1.2343659189950922,0.2765712811898526,0.15289013215680708,3.8666666666666667,4.366666666666666
et,sigmoid,random_oversampling_threshold,0.7925168669496008,0.8302152812558568,1.0,0.0,0.31870796533277906,2.8,2.933333333333333
et,sigmoid,raps_cp,0.9012622105030128,0.3963811684283717,1.0398166675246747,0.1269870932177934,0.5023843041107415,4.266666666666667,3.8333333333333335
et,sigmoid,risk_controlled_rejector,0.9387943449782491,0.34764038243437095,1.0519768996906511,0.05197689969065105,0.5570305294688015,4.1,4.1
gb,isotonic,aps_cp,0.9013641302338443,0.6146080275334911,1.07507315391735,0.1960521432939683,0.3199514742606693,3.8666666666666667,3.7
gb,isotonic,capacity_limited_mondrian,0.9113247584017194,0.7187389979073037,1.0704360379514628,0.08267058147889329,0.372932592145214,3.2666666666666666,3.8
gb,isotonic,class_conditional_rejector,0.9577608154552684,0.5282693182721956,1.1156532464470907,0.1156532464470906,0.3811628413457942,4.0,4.0
gb,isotonic,class_weighted_threshold,0.8040968316086118,0.8071101440206213,1.0,0.0,0.31794770798775907,3.533333333333333,3.8
gb,isotonic,confidence_rejector,0.9958584891127872,0.9609366686594736,1.7085128402180347,0.7085128402180348,0.026128331324676995,3.4,3.3333333333333335
gb,isotonic,cost_controlled_mondrian,0.9913559761625753,0.9751453117189075,1.7229088542373114,0.7258725489812592,0.023337453297793777,4.8,5.133333333333334
gb,isotonic,cost_tuned_threshold,0.7873813910138272,0.7989854210008686,1.0,0.0,0.3233288508915931,3.7333333333333334,3.533333333333333
gb,isotonic,marginal_cp,0.9236058269066135,0.36355330661368135,1.037201285059426,0.0959763076057691,0.38888820098447735,4.0,3.6666666666666665
gb,isotonic,mondrian_cp,0.9382651016300957,0.9425123176450307,1.4620975801758458,0.4743321237032762,0.11612915986145193,4.4,4.2
gb,isotonic,random_oversampling_threshold,0.794189996997392,0.8193357894611086,1.0,0.0,0.31991875159481337,3.466666666666667,3.6333333333333333
gb,isotonic,raps_cp,0.9017688926101339,0.5464120898858212,1.0434848342725256,0.14529208843174832,0.38954748599478545,3.466666666666667,3.4
gb,isotonic,risk_controlled_rejector,0.9449930947066076,0.5031608655340893,1.0618471387706327,0.06184713877063263,0.44665382110305296,3.6,3.533333333333333
gb,none,aps_cp,0.9005151031836776,0.6127508925610811,1.0566979781948742,0.17698570255631016,0.3313486042618644,3.8,4.066666666666666
gb,none,capacity_limited_mondrian,0.8893925945785561,0.7554207253307563,1.0523460364940025,0.08666647052589209,0.3421751126319314,3.2,3.933333333333333
gb,none,class_conditional_rejector,0.9561548968415977,0.5349251025203134,1.0999309390427863,0.09993093904278635,0.39631606611261455,3.6666666666666665,3.933333333333333
gb,none,class_weighted_threshold,0.8012799901393267,0.8350732094495338,1.0,0.0,0.3060841188161236,3.3666666666666667,4.0
gb,none,confidence_rejector,0.9980627801908152,0.9592337621631238,1.8055466103045652,0.8055466103045653,0.018370129870126987,3.8,3.933333333333333
gb,none,cost_controlled_mondrian,0.9841634748782399,0.963726718674728,1.5825551233941946,0.5928534142686639,0.03609898258212847,3.8666666666666667,3.9
gb,none,cost_tuned_threshold,0.8017320474265307,0.8023311405174411,1.0,0.0,0.31345461344414455,3.8666666666666667,4.833333333333333
gb,none,marginal_cp,0.9078153582714226,0.30996412937125795,1.0065217066224383,0.0978899193221328,0.397171653963375,4.4,3.6333333333333333
gb,none,mondrian_cp,0.9086632273590509,0.9200124740213689,1.3159707070793796,0.3506800087156697,0.15022444680498243,3.7333333333333334,4.3
gb,none,random_oversampling_threshold,0.8021005010195222,0.8224178161879554,1.0,0.0,0.31083657644481744,3.6666666666666665,3.933333333333333
gb,none,raps_cp,0.900319157533948,0.5480333283543868,1.0297801016063668,0.13159712858905115,0.399096054093599,3.7333333333333334,3.8
gb,none,risk_controlled_rejector,0.9432715290181013,0.5123585713083466,1.0518712539157458,0.05187125391574565,0.45662904478149957,3.6,3.8
gb,sigmoid,aps_cp,0.9022049884877978,0.5045160905572544,1.0495803005976196,0.1536915097063156,0.411230857717968,2.966666666666667,2.966666666666667
gb,sigmoid,capacity_limited_mondrian,0.8889977790879419,0.755263906309486,1.0541768065715322,0.0868866861376157,0.3558396196096808,3.2,3.6333333333333333
gb,sigmoid,class_conditional_rejector,0.9529840091098268,0.4458889330282467,1.0990023300335918,0.09900233003359181,0.43779205396787557,3.8333333333333335,3.8333333333333335
gb,sigmoid,class_weighted_threshold,0.8080880944665657,0.8043223112810277,1.0,0.0,0.31813921923148175,3.7,4.166666666666667
gb,sigmoid,confidence_rejector,0.9989921444876738,0.9910453439799025,1.935791751543437,0.9357917515434371,0.010030963911568372,3.7666666666666666,3.7333333333333334
gb,sigmoid,cost_controlled_mondrian,0.9818217068670129,0.9590935101643309,1.5883697674646058,0.601308906439172,0.038383589536998546,3.933333333333333,4.1
gb,sigmoid,cost_tuned_threshold,0.807017396639497,0.7891284585401303,1.0,0.0,0.3135419782151408,3.466666666666667,4.266666666666667
gb,sigmoid,marginal_cp,0.9066272478003691,0.2192629867957271,1.0054102667888185,0.09915938172933919,0.41663094828594116,4.166666666666667,3.8666666666666667
gb,sigmoid,mondrian_cp,0.9092740305676202,0.9157013763218358,1.3277194027566646,0.3604981528461642,0.15273275219581592,3.6666666666666665,3.9
gb,sigmoid,random_oversampling_threshold,0.8055288648426118,0.8019586015713881,1.0,0.0,0.3209071245715804,3.6,4.133333333333334
gb,sigmoid,raps_cp,0.9015981656477318,0.449266005998564,1.0339534329147881,0.12584342101626636,0.4647146867142073,3.033333333333333,3.066666666666667
gb,sigmoid,risk_controlled_rejector,0.9425132532331324,0.4166701358124475,1.0513155585096479,0.051315558509647786,0.5139362318040146,3.2333333333333334,3.2333333333333334
gnb,isotonic,aps_cp,0.9016428672525048,0.41682728539051156,1.1265735564942776,0.21940051631398425,0.4863459820756148,6.533333333333333,6.566666666666666
gnb,isotonic,capacity_limited_mondrian,0.89016415761833,0.5231484853881722,1.090644958054914,0.09159034035656549,0.683232469345894,6.666666666666667,6.133333333333334
gnb,isotonic,class_conditional_rejector,0.9590492996579635,0.35144176514679043,1.239021623016827,0.23902162301682683,0.40125963373171797,5.333333333333333,5.333333333333333
gnb,isotonic,class_weighted_threshold,0.6961529577105987,0.71080003297012,1.0,0.0,0.46027174424274325,6.2,4.733333333333333
gnb,isotonic,confidence_rejector,0.9964968988984,0.9558709973462947,1.8556739204116826,0.8556739204116827,0.029326103015030226,3.3,3.6333333333333333
gnb,isotonic,cost_controlled_mondrian,0.9965259035377105,0.9819480468578516,1.9172305174158133,0.9172305174158133,0.014662125338972022,2.4,2.7333333333333334
gnb,isotonic,cost_tuned_threshold,0.6986436291166472,0.7108046581187534,1.0,0.0,0.4601724465126103,6.4,5.133333333333334
gnb,isotonic,marginal_cp,0.9311111831671153,0.28254281709734486,1.1568526185111947,0.20057096383703468,0.45010936920642536,5.933333333333334,5.9
gnb,isotonic,mondrian_cp,0.9493214013470113,0.9488563528515199,1.6723462855514728,0.6732916678531242,0.09976003205908178,4.133333333333334,3.1333333333333333
gnb,isotonic,random_oversampling_threshold,0.6918370082101742,0.7257539745326939,1.0,0.0,0.4613202873195215,6.4,5.266666666666667
gnb,isotonic,raps_cp,0.901212713604632,0.3315134863452406,1.10266528922213,0.18162766081045817,0.550147618586046,6.533333333333333,6.533333333333333
gnb,isotonic,risk_controlled_rejector,0.9475923200714824,0.31304594412987474,1.176520803722371,0.17652080372237083,0.4918777992618559,5.933333333333334,5.833333333333333
gnb,none,aps_cp,0.9175338882667369,0.8218893291078213,1.4291391716043544,0.4739905904561584,0.19633978738253113,2.7333333333333334,2.1333333333333333
gnb,none,capacity_limited_mondrian,0.7140566014115703,0.7895787909948877,1.0840497860249356,0.09076761849548713,0.51354214512545,6.0,3.6333333333333333
gnb,none,class_conditional_rejector,0.83606570259949,0.7665378093270209,1.2531625130233814,0.25316251302338144,0.3520687614601732,2.933333333333333,1.6
gnb,none,class_weighted_threshold,0.6577573415374723,0.7541477812733114,1.0,0.0,0.4758467956712003,6.733333333333333,4.733333333333333
gnb,none,confidence_rejector,0.8560403246396259,0.9770540922912677,1.6357966920110167,0.6357966920110166,0.1535592626567786,4.766666666666667,3.966666666666667
gnb,none,cost_controlled_mondrian,0.9923858890290082,0.961874396387516,1.8346048318134893,0.8346048318134893,0.032123004813642775,3.0,3.4
gnb,none,cost_tuned_threshold,0.6620052535761907,0.7670981555280635,1.0,0.0,0.46994886369386196,6.666666666666667,4.6
gnb,none,marginal_cp,0.921307835925551,0.7894852389382975,1.3944970337154452,0.41968445653061714,0.22841942552914699,3.3333333333333335,1.1333333333333333
gnb,none,mondrian_cp,0.9227868938103162,0.9241533275510982,1.55985928728243,0.5665771197529818,0.1403230866698278,4.266666666666667,2.966666666666667
gnb,none,random_oversampling_threshold,0.6646692236839651,0.7472159217088196,1.0,0.0,0.4738298361781669,6.466666666666667,4.666666666666667
gnb,none,raps_cp,0.9174101205015341,0.8040132983702677,1.4147266488528083,0.449414555508946,0.22069375264671412,2.7333333333333334,1.6
gnb,none,risk_controlled_rejector,0.8146262579613193,0.8253479051555034,1.2788467234564165,0.2788467234564164,0.33863984555130916,2.7333333333333334,1.4
gnb,sigmoid,aps_cp,0.9014037696652427,0.3265469181101073,1.1294048055193102,0.21094040825122373,0.5587056447550658,5.133333333333334,5.3
gnb,sigmoid,capacity_limited_mondrian,0.8732721315500527,0.561363247244182,1.0831761345299766,0.08984182961011304,0.6607803171887398,6.4,6.066666666666666
gnb,sigmoid,class_conditional_rejector,0.9587129278978878,0.3145184035390186,1.255105855364029,0.2551058553640291,0.41047072102112303,4.566666666666666,4.566666666666666
gnb,sigmoid,class_weighted_threshold,0.6970309526013547,0.6345003680089988,1.0,0.0,0.4783068392376207,7.0,5.266666666666667
gnb,sigmoid,confidence_rejector,0.9989256458378548,0.9855428261034259,1.9615697192130443,0.9615697192130442,0.010743541621451132,3.033333333333333,3.033333333333333
gnb,sigmoid,cost_controlled_mondrian,0.9924065442675958,0.962763895231631,1.8592373179229362,0.8592373179229362,0.031093180320332744,2.9,3.0
gnb,sigmoid,cost_tuned_threshold,0.6898308632659504,0.6573063443833702,1.0,0.0,0.477663028751644,6.8,4.933333333333334
gnb,sigmoid,marginal_cp,0.9176919422860158,0.24925789331687104,1.1366883538916914,0.20530587690879754,0.46998653978639837,5.7,4.333333333333333
gnb,sigmoid,mondrian_cp,0.9252231454430925,0.9205884456700962,1.5555046841813176,0.5621703792614543,0.14127017825834273,4.466666666666667,3.3333333333333335
gnb,sigmoid,random_oversampling_threshold,0.704990159568799,0.6205754242451419,1.0,0.0,0.4756504395704663,6.6,5.066666666666666
gnb,sigmoid,raps_cp,0.9010434098206723,0.24850594393251468,1.114145984924319,0.18732159455323552,0.6025665315068639,5.266666666666667,5.5
gnb,sigmoid,risk_controlled_rejector,0.9478578513720595,0.27253711081469667,1.1976227969465867,0.19762279694658685,0.5159995873113975,5.233333333333333,5.233333333333333
hgb,isotonic,aps_cp,0.900509472775033,0.6342066616295908,1.064307683398027,0.1876004466626125,0.31602093759492006,2.6,2.9
hgb,isotonic,capacity_limited_mondrian,0.9129195942854231,0.7312568462558926,1.068700872913938,0.08399146747158505,0.36900118714588004,2.6666666666666665,3.066666666666667
hgb,isotonic,class_conditional_rejector,0.9594446545561781,0.5586815173582346,1.1163820990450646,0.11638209904506465,0.36491129629165153,2.8666666666666667,2.9
hgb,isotonic,class_weighted_threshold,0.808435539049818,0.8105313106884722,1.0,0.0,0.30933937166418946,2.466666666666667,3.3333333333333335
hgb,isotonic,confidence_rejector,0.9957652079328536,0.9558304126515242,1.635332261310474,0.635332261310474,0.029584051643216862,4.166666666666667,4.133333333333334
hgb,isotonic,cost_controlled_mondrian,0.9919337866240938,0.9794498388013866,1.725805784532323,0.7280833327416895,0.02215803297576855,4.6,4.333333333333333
hgb,isotonic,cost_tuned_threshold,0.8046494803508456,0.8016143267206034,1.0,0.0,0.3122373145134503,2.8666666666666667,3.533333333333333
hgb,isotonic,marginal_cp,0.9238429266813438,0.38632260341654,1.0321133098413766,0.09372045778635195,0.3763972600798174,3.2,3.1666666666666665
hgb,isotonic,mondrian_cp,0.941297968828378,0.943868217332347,1.4675473863125723,0.4828379808702194,0.10561744171633074,3.066666666666667,3.8333333333333335
hgb,isotonic,random_oversampling_threshold,0.8044504455205679,0.8107818711847135,1.0,0.0,0.3093978135244759,2.4,3.7
hgb,isotonic,raps_cp,0.9013171588760037,0.569637424823304,1.0368651887672538,0.1413011197425392,0.3816660163029338,2.466666666666667,2.7666666666666666
hgb,isotonic,risk_controlled_rejector,0.9465690026660026,0.5337708678390202,1.0631866881633492,0.06318668816334921,0.42790809703999483,2.6666666666666665,2.7
hgb,none,aps_cp,0.9006981786148861,0.6106029186849827,1.0484697796102793,0.16894651527012036,0.3284320715896858,3.7333333333333334,4.366666666666666
hgb,none,capacity_limited_mondrian,0.8879603528126913,0.7725428150953468,1.0466479674216287,0.08527755740608216,0.33606461316733327,2.6666666666666665,3.3666666666666667
hgb,none,class_conditional_rejector,0.9567297913841891,0.5594118315813398,1.0973881881665435,0.09738818816654349,0.38540385952354617,2.933333333333333,3.2666666666666666
hgb,none,class_weighted_threshold,0.8102003639878445,0.824307956945873,1.0,0.0,0.3012481149088504,2.5,3.2666666666666666
hgb,none,confidence_rejector,0.9992162310795669,0.9849187238132825,1.9442220720884165,0.9442220720884165,0.006749773338737461,2.3,2.533333333333333
hgb,none,cost_controlled_mondrian,0.9858753597783664,0.9654229380354137,1.5551710893071917,0.5605361304470673,0.03346808588457049,3.7333333333333334,3.2666666666666666
hgb,none,cost_tuned_threshold,0.8205615283531403,0.8026525074816703,1.0,0.0,0.29987949922665685,2.3333333333333335,3.7666666666666666
hgb,none,marginal_cp,0.9053619645061898,0.3328584455392163,1.0010144169689927,0.10094641741872487,0.37853011563001676,3.2666666666666666,2.933333333333333
hgb,none,mondrian_cp,0.9080279431988841,0.9174348615947249,1.2858864743565555,0.32492224535646147,0.1450578042281422,3.533333333333333,3.7
hgb,none,random_oversampling_threshold,0.8158244282762489,0.8156459520695835,1.0,0.0,0.301290483696024,2.2666666666666666,4.0
hgb,none,raps_cp,0.901092806841308,0.5602766161737912,1.0266575583183581,0.13017318320896357,0.38563562849531813,2.933333333333333,3.6666666666666665
hgb,none,risk_controlled_rejector,0.9446764937776646,0.5362969189231441,1.0499527163733708,0.049952716373370884,0.44575907756030025,2.466666666666667,2.7333333333333334
hgb,sigmoid,aps_cp,0.9017956880989753,0.5189231935544301,1.0460130751552934,0.1528440245160204,0.40124273434159935,2.066666666666667,2.1
hgb,sigmoid,capacity_limited_mondrian,0.8876946638465182,0.7615199197404035,1.0502609960608822,0.08638622427760433,0.35756223594733766,2.8666666666666667,3.066666666666667
hgb,sigmoid,class_conditional_rejector,0.953224626703926,0.4591655742297806,1.093596351086632,0.093596351086632,0.4343585621118397,3.4,3.4
hgb,sigmoid,class_weighted_threshold,0.8157539299673402,0.7926803784546871,1.0,0.0,0.31119130111967486,2.6666666666666665,3.6333333333333333
hgb,sigmoid,confidence_rejector,0.9993782748934279,0.9952415532523905,1.9643242767915265,0.9643242767915265,0.0062172510657202106,2.933333333333333,3.033333333333333
hgb,sigmoid,cost_controlled_mondrian,0.9816194207637307,0.954480644389146,1.5513307038382118,0.5638756832274656,0.039562440688232954,4.466666666666667,4.033333333333333
hgb,sigmoid,cost_tuned_threshold,0.821587534068781,0.760603332280748,1.0,0.0,0.3193781413970727,3.3333333333333335,4.233333333333333
hgb,sigmoid,marginal_cp,0.9058931948718332,0.2237798273811906,1.00303441602771,0.10266858126229135,0.39594450651321994,3.2,3.4
hgb,sigmoid,mondrian_cp,0.9080287792060652,0.9083369066679713,1.3011941202293913,0.3378162926016971,0.15293636157394885,4.0,3.6333333333333333
hgb,sigmoid,random_oversampling_threshold,0.8203975254532196,0.7788369529452077,1.0,0.0,0.3158433842379793,3.0,4.133333333333334
hgb,sigmoid,raps_cp,0.9016719225291397,0.474063981584253,1.0313741403362209,0.12633091836523475,0.4464779089574452,1.9666666666666666,1.7666666666666666
hgb,sigmoid,risk_controlled_rejector,0.9442871194980443,0.43543946253159166,1.052468354878939,0.05246835487893896,0.4937997480617673,2.533333333333333,2.533333333333333
logreg,isotonic,aps_cp,0.9007975204296812,0.5987845093479438,1.0982399674748657,0.20978457496785763,0.3739357978541797,5.333333333333333,5.166666666666667
logreg,isotonic,capacity_limited_mondrian,0.9008805117424306,0.6981887491858453,1.0796192631631496,0.08679491942132413,0.4538860871958043,5.266666666666667,4.8
logreg,isotonic,class_conditional_rejector,0.9565829405221768,0.49295230847966515,1.1633646316475559,0.16336463164755585,0.4058910937082184,4.466666666666667,4.5
logreg,isotonic,class_weighted_threshold,0.7586572127052442,0.7957045096902966,1.0,0.0,0.3661871283241476,5.466666666666667,4.8
logreg,isotonic,confidence_rejector,0.9965250587926092,0.9630283384267132,1.7194478592456772,0.7194478592456773,0.025618619978897403,4.066666666666666,4.133333333333334
logreg,isotonic,cost_controlled_mondrian,0.9929292095969882,0.9837395792321562,1.797103331575752,0.798423509940276,0.017094950032541568,3.3,3.3333333333333335
logreg,isotonic,cost_tuned_threshold,0.7662509958251625,0.7913442751956907,1.0,0.0,0.3660614079438543,5.133333333333334,4.733333333333333
logreg,isotonic,marginal_cp,0.9175415876253188,0.2881052484869681,1.0510135877777282,0.1145256931071415,0.44377685631911484,4.733333333333333,5.6
logreg,isotonic,mondrian_cp,0.9348461499208288,0.9402367765034244,1.4690001011237623,0.47617575738193685,0.12382970541182144,4.466666666666667,3.7666666666666666
logreg,isotonic,random_oversampling_threshold,0.7596076945058425,0.7969023891144071,1.0,0.0,0.3629442446133072,5.333333333333333,4.466666666666667
logreg,isotonic,raps_cp,0.8999984546494517,0.5153082172319039,1.0627222833915198,0.15481053904120176,0.45307695884684424,5.133333333333334,5.066666666666666
logreg,isotonic,risk_controlled_rejector,0.9403073227699098,0.4578394111456527,1.0805971762473265,0.08059717624732642,0.49861481937671687,5.2,5.366666666666666
logreg,none,aps_cp,0.8998510116615017,0.572218152676155,1.0894198484044146,0.19983249090756677,0.39295581842245464,5.066666666666666,5.333333333333333
logreg,none,capacity_limited_mondrian,0.8747477752779035,0.7393919603545386,1.0575899516390879,0.08499843016927114,0.43113350104613946,5.4,5.366666666666666
logreg,none,class_conditional_rejector,0.952448276619984,0.4587190426544442,1.145312890760222,0.14531289076022194,0.44351380657143497,4.6,4.733333333333333
logreg,none,class_weighted_threshold,0.763556876893991,0.8111410887561451,1.0,0.0,0.3545327764743545,5.066666666666666,4.833333333333333
logreg,none,confidence_rejector,0.9980587778112892,0.9778090140681868,1.8008504596024513,0.8008504596024513,0.016225679133311938,2.7333333333333334,2.7666666666666666
logreg,none,cost_controlled_mondrian,0.9844141836105094,0.9590253893129064,1.6319469043896822,0.6383915792704062,0.03797462516154534,5.0,4.333333333333333
logreg,none,cost_tuned_threshold,0.7638099044919603,0.8043351733211637,1.0,0.0,0.3610209361202574,5.133333333333334,4.733333333333333
logreg,none,marginal_cp,0.9013605551012351,0.2837945414746431,1.0203182679653409,0.11230611480294235,0.4693437359410095,5.333333333333333,4.766666666666667
logreg,none,mondrian_cp,0.9004143975129365,0.9045519375002374,1.2935426544844266,0.32095113301461003,0.17626727869580927,4.733333333333333,4.566666666666666
logreg,none,random_oversampling_threshold,0.7642932468465524,0.8154636646534313,1.0,0.0,0.35390359577408775,5.266666666666667,4.5
logreg,none,raps_cp,0.8994063256088408,0.4857381523118774,1.0578626548089203,0.1490907568408516,0.47249617458881127,5.4,5.5
logreg,none,risk_controlled_rejector,0.9364023764799326,0.4159202127109093,1.066673538688959,0.06667353868895899,0.5494990426810392,5.6,5.666666666666667
logreg,sigmoid,aps_cp,0.9008069060260386,0.41606655383065166,1.0702843730008635,0.1612821296524195,0.4977279016352456,4.933333333333334,5.0
logreg,sigmoid,capacity_limited_mondrian,0.8756731672158484,0.7373116053528529,1.0598235403744805,0.08558794015262823,0.4328923223499665,5.4,4.7
logreg,sigmoid,class_conditional_rejector,0.9496483639950811,0.36061344468536843,1.146533846780409,0.14653384678040904,0.483375843068204,3.7,3.7
logreg,sigmoid,class_weighted_threshold,0.76160775548395,0.8078315510347366,1.0,0.0,0.3569328864458307,4.8,4.2
logreg,sigmoid,confidence_rejector,0.9988639599240012,0.9845100684581884,1.8633146782523144,0.8633146782523143,0.011229474446956163,3.8333333333333335,3.8333333333333335
logreg,sigmoid,cost_controlled_mondrian,0.9873817105252221,0.9628608379245461,1.6517641203058284,0.653984547959352,0.03626488798064158,4.0,4.033333333333333
logreg,sigmoid,cost_tuned_threshold,0.7637124860005085,0.793582653257486,1.0,0.0,0.3640258296993235,4.933333333333334,4.366666666666666
logreg,sigmoid,marginal_cp,0.9006760925975263,0.2028517593566195,1.0196924883701273,0.1144746079742593,0.4794494314034158,5.0,4.733333333333333
logreg,sigmoid,mondrian_cp,0.9014845853668539,0.9079242612733139,1.3084825103083757,0.33424691008652363,0.17477814083990947,4.333333333333333,4.1
logreg,sigmoid,random_oversampling_threshold,0.7609532376166339,0.8017512238454674,1.0,0.0,0.36003597918187336,5.066666666666666,4.4
logreg,sigmoid,raps_cp,0.9007135307481655,0.3513157375667599,1.0567186315851465,0.13441241968694587,0.5557464332754873,4.533333333333333,4.7
logreg,sigmoid,risk_controlled_rejector,0.9355482458182319,0.3132061651475223,1.0670519316957443,0.06705193169574443,0.5999863990115383,4.566666666666666,4.566666666666666
rf,isotonic,aps_cp,0.9019158078439647,0.6476188857451799,1.0710282992513416,0.19330556418408218,0.3092292504779216,2.8666666666666667,3.1
rf,isotonic,capacity_limited_mondrian,0.909459265029874,0.7520501262137531,1.0662021611975532,0.08288641312117165,0.35895907086946965,2.533333333333333,2.8666666666666667
rf,isotonic,class_conditional_rejector,0.9579707895173707,0.5430335325157348,1.1143178499533692,0.1143178499533691,0.38097829695624646,3.933333333333333,3.8666666666666667
rf,isotonic,class_weighted_threshold,0.8115120431092246,0.8128721040612397,1.0,0.0,0.30854639652490856,2.533333333333333,3.3666666666666667
rf,isotonic,confidence_rejector,0.9957143301196596,0.9602090697744663,1.68395810001218,0.6839581000121798,0.028997713834853545,3.8666666666666667,3.7
rf,isotonic,cost_controlled_mondrian,0.9938424741692076,0.9841607727705334,1.7327898194335267,0.7327898194335266,0.01865669806289773,4.0,3.9
rf,isotonic,cost_tuned_threshold,0.7966617917140557,0.8286421290614332,1.0,0.0,0.30909902352845897,2.6666666666666665,2.933333333333333
rf,isotonic,marginal_cp,0.9236712506979068,0.4209702533644288,1.0362722486975093,0.09962567926124774,0.37207385954061767,2.933333333333333,2.7333333333333334
rf,isotonic,mondrian_cp,0.9355519087081577,0.942630800621251,1.4172279417208178,0.4339121936444362,0.11093263408663293,3.6,4.366666666666666
rf,isotonic,random_oversampling_threshold,0.8034296931613655,0.8209240604181891,1.0,0.0,0.308747740760712,2.466666666666667,3.1
rf,isotonic,raps_cp,0.9021802378957572,0.5702850290358279,1.0413305919750078,0.14424667326908586,0.38279974650408966,3.2,3.2666666666666666
rf,isotonic,risk_controlled_rejector,0.9456356908065106,0.5175032856529673,1.0617356643440334,0.06173566434403355,0.4447766053591596,3.6,3.6
rf,none,aps_cp,0.9020657060855092,0.669025898465405,1.0766438513999996,0.20204272343376134,0.310417776783753,2.2,2.2666666666666666
rf,none,capacity_limited_mondrian,0.8842029154581561,0.7816030075884272,1.0377358442843396,0.08390066101805224,0.3384956988284317,2.6666666666666665,3.533333333333333
rf,none,class_conditional_rejector,0.9546164342677991,0.514954080809055,1.0959798984428832,0.0959798984428832,0.41798825159140873,4.066666666666666,4.233333333333333
rf,none,class_weighted_threshold,0.8085888627675067,0.8342708866520844,1.0,0.0,0.3003789826839899,2.3333333333333335,3.2666666666666666
rf,none,confidence_rejector,0.9976612217324998,0.9578032924055357,1.5768138233187454,0.5768138233187455,0.02329426650873571,5.3,5.433333333333334
rf,none,cost_controlled_mondrian,0.9820304131902489,0.9551308580657388,1.5485560608750448,0.5616686428110562,0.03689525249294277,4.066666666666666,4.666666666666667
rf,none,cost_tuned_threshold,0.7997843701574641,0.8370329506785669,1.0,0.0,0.304844179466864,2.7333333333333334,2.7333333333333334
rf,none,marginal_cp,0.9027463222998305,0.2441344903551746,0.9971817060027917,0.10222515046087763,0.39564873237395287,3.1333333333333333,4.866666666666666
rf,none,mondrian_cp,0.9029281920746487,0.9061769849195456,1.2314920481968936,0.278116026078509,0.14894712692399265,3.4,3.966666666666667
rf,none,random_oversampling_threshold,0.8042572951374152,0.8334365733979873,1.0,0.0,0.30523509046936914,2.6666666666666665,3.0
rf,none,raps_cp,0.9018432176761016,0.5772550123137262,1.0405253969054828,0.14698257521950614,0.39055938252974637,2.7333333333333334,2.8333333333333335
rf,none,risk_controlled_rejector,0.9441699334660465,0.48931864789257723,1.0485181744607484,0.04851817446074829,0.48314648445397873,3.8,4.033333333333333
rf,sigmoid,aps_cp,0.9007732440768632,0.5012482366169878,1.0513434059979334,0.1582735220884507,0.4214484478430767,2.8666666666666667,3.066666666666667
rf,sigmoid,capacity_limited_mondrian,0.8842214818470295,0.7777109778191108,1.0418032896973055,0.08533788852411693,0.3406293283899167,2.6,3.2
rf,sigmoid,class_conditional_rejector,0.9527281381445388,0.43607039500489947,1.098439693742872,0.09843969374287205,0.44755882632700483,3.5,3.5
rf,sigmoid,class_weighted_threshold,0.8054777041986615,0.8265841825208168,1.0,0.0,0.30796183013007045,2.6,3.3
rf,sigmoid,confidence_rejector,0.998830880259678,0.9856398209646874,1.8438562546194022,0.8438562546194021,0.011691197403220107,3.8666666666666667,3.933333333333333
rf,sigmoid,cost_controlled_mondrian,0.9841060148497481,0.9605678117446554,1.563233600096262,0.5726094167799126,0.03586959239679139,4.133333333333334,4.333333333333333
rf,sigmoid,cost_tuned_threshold,0.8039868439202523,0.8250136859256602,1.0,0.0,0.30632307272262194,2.3333333333333335,2.933333333333333
rf,sigmoid,marginal_cp,0.9021875478990288,0.21966053616263276,0.9982697966054936,0.10339034540525047,0.40580462540219825,3.1,3.8666666666666667
rf,sigmoid,mondrian_cp,0.9031390333234497,0.9095807121415773,1.2457040949765408,0.28968191016481853,0.14923773181838326,3.2,3.966666666666667
rf,sigmoid,random_oversampling_threshold,0.8068325650494995,0.8176221578054415,1.0,0.0,0.3083714710494053,2.533333333333333,3.066666666666667
rf,sigmoid,raps_cp,0.9005501054343906,0.4422434650510312,1.0351852284631347,0.12883291385314202,0.47686223194506566,3.3333333333333335,3.3
rf,sigmoid,risk_controlled_rejector,0.9417233793848104,0.4051556075253587,1.0500757402973073,0.0500757402973075,0.5261399017294899,3.5,3.5
