dataset,seed,probability_calibration,n_samples,n_features,positive_rate,model_train_n,model_train_class_0,model_train_class_1,model_train_positive_rate,probability_calibration_n,probability_calibration_class_0,probability_calibration_class_1,probability_calibration_positive_rate,conformal_calibration_n,conformal_calibration_class_0,conformal_calibration_class_1,conformal_calibration_positive_rate,test_n,test_class_0,test_class_1,test_positive_rate
uci_default,7,none,30000,23,0.2212,18000,14018,3982,0.2212222222222222,0,0,0,,6000,4673,1327,0.22116666666666668,6000,4673,1327,0.22116666666666668
uci_default,7,sigmoid,30000,23,0.2212,14400,11214,3186,0.22125,3600,2804,796,0.22111111111111112,6000,4673,1327,0.22116666666666668,6000,4673,1327,0.22116666666666668
uci_default,7,isotonic,30000,23,0.2212,14400,11214,3186,0.22125,3600,2804,796,0.22111111111111112,6000,4673,1327,0.22116666666666668,6000,4673,1327,0.22116666666666668
uci_default,19,none,30000,23,0.2212,18000,14018,3982,0.2212222222222222,0,0,0,,6000,4673,1327,0.22116666666666668,6000,4673,1327,0.22116666666666668
uci_default,19,sigmoid,30000,23,0.2212,14400,11214,3186,0.22125,3600,2804,796,0.22111111111111112,6000,4673,1327,0.22116666666666668,6000,4673,1327,0.22116666666666668
uci_default,19,isotonic,30000,23,0.2212,14400,11214,3186,0.22125,3600,2804,796,0.22111111111111112,6000,4673,1327,0.22116666666666668,6000,4673,1327,0.22116666666666668
uci_default,31,none,30000,23,0.2212,18000,14018,3982,0.2212222222222222,0,0,0,,6000,4673,1327,0.22116666666666668,6000,4673,1327,0.22116666666666668
uci_default,31,sigmoid,30000,23,0.2212,14400,11214,3186,0.22125,3600,2804,796,0.22111111111111112,6000,4673,1327,0.22116666666666668,6000,4673,1327,0.22116666666666668
uci_default,31,isotonic,30000,23,0.2212,14400,11214,3186,0.22125,3600,2804,796,0.22111111111111112,6000,4673,1327,0.22116666666666668,6000,4673,1327,0.22116666666666668
uci_default,42,none,30000,23,0.2212,18000,14018,3982,0.2212222222222222,0,0,0,,6000,4673,1327,0.22116666666666668,6000,4673,1327,0.22116666666666668
uci_default,42,sigmoid,30000,23,0.2212,14400,11214,3186,0.22125,3600,2804,796,0.22111111111111112,6000,4673,1327,0.22116666666666668,6000,4673,1327,0.22116666666666668
uci_default,42,isotonic,30000,23,0.2212,14400,11214,3186,0.22125,3600,2804,796,0.22111111111111112,6000,4673,1327,0.22116666666666668,6000,4673,1327,0.22116666666666668
uci_default,101,none,30000,23,0.2212,18000,14018,3982,0.2212222222222222,0,0,0,,6000,4673,1327,0.22116666666666668,6000,4673,1327,0.22116666666666668
uci_default,101,sigmoid,30000,23,0.2212,14400,11214,3186,0.22125,3600,2804,796,0.22111111111111112,6000,4673,1327,0.22116666666666668,6000,4673,1327,0.22116666666666668
uci_default,101,isotonic,30000,23,0.2212,14400,11214,3186,0.22125,3600,2804,796,0.22111111111111112,6000,4673,1327,0.22116666666666668,6000,4673,1327,0.22116666666666668
uci_default,202,none,30000,23,0.2212,18000,14018,3982,0.2212222222222222,0,0,0,,6000,4673,1327,0.22116666666666668,6000,4673,1327,0.22116666666666668
uci_default,202,sigmoid,30000,23,0.2212,14400,11214,3186,0.22125,3600,2804,796,0.22111111111111112,6000,4673,1327,0.22116666666666668,6000,4673,1327,0.22116666666666668
uci_default,202,isotonic,30000,23,0.2212,14400,11214,3186,0.22125,3600,2804,796,0.22111111111111112,6000,4673,1327,0.22116666666666668,6000,4673,1327,0.22116666666666668
uci_default,303,none,30000,23,0.2212,18000,14018,3982,0.2212222222222222,0,0,0,,6000,4673,1327,0.22116666666666668,6000,4673,1327,0.22116666666666668
uci_default,303,sigmoid,30000,23,0.2212,14400,11214,3186,0.22125,3600,2804,796,0.22111111111111112,6000,4673,1327,0.22116666666666668,6000,4673,1327,0.22116666666666668
uci_default,303,isotonic,30000,23,0.2212,14400,11214,3186,0.22125,3600,2804,796,0.22111111111111112,6000,4673,1327,0.22116666666666668,6000,4673,1327,0.22116666666666668
uci_default,404,none,30000,23,0.2212,18000,14018,3982,0.2212222222222222,0,0,0,,6000,4673,1327,0.22116666666666668,6000,4673,1327,0.22116666666666668
uci_default,404,sigmoid,30000,23,0.2212,14400,11214,3186,0.22125,3600,2804,796,0.22111111111111112,6000,4673,1327,0.22116666666666668,6000,4673,1327,0.22116666666666668
uci_default,404,isotonic,30000,23,0.2212,14400,11214,3186,0.22125,3600,2804,796,0.22111111111111112,6000,4673,1327,0.22116666666666668,6000,4673,1327,0.22116666666666668
uci_default,505,none,30000,23,0.2212,18000,14018,3982,0.2212222222222222,0,0,0,,6000,4673,1327,0.22116666666666668,6000,4673,1327,0.22116666666666668
uci_default,505,sigmoid,30000,23,0.2212,14400,11214,3186,0.22125,3600,2804,796,0.22111111111111112,6000,4673,1327,0.22116666666666668,6000,4673,1327,0.22116666666666668
uci_default,505,isotonic,30000,23,0.2212,14400,11214,3186,0.22125,3600,2804,796,0.22111111111111112,6000,4673,1327,0.22116666666666668,6000,4673,1327,0.22116666666666668
uci_default,606,none,30000,23,0.2212,18000,14018,3982,0.2212222222222222,0,0,0,,6000,4673,1327,0.22116666666666668,6000,4673,1327,0.22116666666666668
uci_default,606,sigmoid,30000,23,0.2212,14400,11214,3186,0.22125,3600,2804,796,0.22111111111111112,6000,4673,1327,0.22116666666666668,6000,4673,1327,0.22116666666666668
uci_default,606,isotonic,30000,23,0.2212,14400,11214,3186,0.22125,3600,2804,796,0.22111111111111112,6000,4673,1327,0.22116666666666668,6000,4673,1327,0.22116666666666668
bank_marketing,7,none,45211,16,0.11698480458295547,27126,23953,3173,0.11697264616972647,0,0,0,,9042,7984,1058,0.11700951117009512,9043,7985,1058,0.11699657193409267
bank_marketing,7,sigmoid,45211,16,0.11698480458295547,21700,19162,2538,0.11695852534562212,5426,4791,635,0.11702911905639514,9042,7984,1058,0.11700951117009512,9043,7985,1058,0.11699657193409267
bank_marketing,7,isotonic,45211,16,0.11698480458295547,21700,19162,2538,0.11695852534562212,5426,4791,635,0.11702911905639514,9042,7984,1058,0.11700951117009512,9043,7985,1058,0.11699657193409267
bank_marketing,19,none,45211,16,0.11698480458295547,27126,23953,3173,0.11697264616972647,0,0,0,,9042,7984,1058,0.11700951117009512,9043,7985,1058,0.11699657193409267
bank_marketing,19,sigmoid,45211,16,0.11698480458295547,21700,19162,2538,0.11695852534562212,5426,4791,635,0.11702911905639514,9042,7984,1058,0.11700951117009512,9043,7985,1058,0.11699657193409267
bank_marketing,19,isotonic,45211,16,0.11698480458295547,21700,19162,2538,0.11695852534562212,5426,4791,635,0.11702911905639514,9042,7984,1058,0.11700951117009512,9043,7985,1058,0.11699657193409267
bank_marketing,31,none,45211,16,0.11698480458295547,27126,23953,3173,0.11697264616972647,0,0,0,,9042,7984,1058,0.11700951117009512,9043,7985,1058,0.11699657193409267
bank_marketing,31,sigmoid,45211,16,0.11698480458295547,21700,19162,2538,0.11695852534562212,5426,4791,635,0.11702911905639514,9042,7984,1058,0.11700951117009512,9043,7985,1058,0.11699657193409267
bank_marketing,31,isotonic,45211,16,0.11698480458295547,21700,19162,2538,0.11695852534562212,5426,4791,635,0.11702911905639514,9042,7984,1058,0.11700951117009512,9043,7985,1058,0.11699657193409267
bank_marketing,42,none,45211,16,0.11698480458295547,27126,23953,3173,0.11697264616972647,0,0,0,,9042,7984,1058,0.11700951117009512,9043,7985,1058,0.11699657193409267
bank_marketing,42,sigmoid,45211,16,0.11698480458295547,21700,19162,2538,0.11695852534562212,5426,4791,635,0.11702911905639514,9042,7984,1058,0.11700951117009512,9043,7985,1058,0.11699657193409267
bank_marketing,42,isotonic,45211,16,0.11698480458295547,21700,19162,2538,0.11695852534562212,5426,4791,635,0.11702911905639514,9042,7984,1058,0.11700951117009512,9043,7985,1058,0.11699657193409267
bank_marketing,101,none,45211,16,0.11698480458295547,27126,23953,3173,0.11697264616972647,0,0,0,,9042,7984,1058,0.11700951117009512,9043,7985,1058,0.11699657193409267
bank_marketing,101,sigmoid,45211,16,0.11698480458295547,21700,19162,2538,0.11695852534562212,5426,4791,635,0.11702911905639514,9042,7984,1058,0.11700951117009512,9043,7985,1058,0.11699657193409267
bank_marketing,101,isotonic,45211,16,0.11698480458295547,21700,19162,2538,0.11695852534562212,5426,4791,635,0.11702911905639514,9042,7984,1058,0.11700951117009512,9043,7985,1058,0.11699657193409267
bank_marketing,202,none,45211,16,0.11698480458295547,27126,23953,3173,0.11697264616972647,0,0,0,,9042,7984,1058,0.11700951117009512,9043,7985,1058,0.11699657193409267
bank_marketing,202,sigmoid,45211,16,0.11698480458295547,21700,19162,2538,0.11695852534562212,5426,4791,635,0.11702911905639514,9042,7984,1058,0.11700951117009512,9043,7985,1058,0.11699657193409267
bank_marketing,202,isotonic,45211,16,0.11698480458295547,21700,19162,2538,0.11695852534562212,5426,4791,635,0.11702911905639514,9042,7984,1058,0.11700951117009512,9043,7985,1058,0.11699657193409267
bank_marketing,303,none,45211,16,0.11698480458295547,27126,23953,3173,0.11697264616972647,0,0,0,,9042,7984,1058,0.11700951117009512,9043,7985,1058,0.11699657193409267
bank_marketing,303,sigmoid,45211,16,0.11698480458295547,21700,19162,2538,0.11695852534562212,5426,4791,635,0.11702911905639514,9042,7984,1058,0.11700951117009512,9043,7985,1058,0.11699657193409267
bank_marketing,303,isotonic,45211,16,0.11698480458295547,21700,19162,2538,0.11695852534562212,5426,4791,635,0.11702911905639514,9042,7984,1058,0.11700951117009512,9043,7985,1058,0.11699657193409267
bank_marketing,404,none,45211,16,0.11698480458295547,27126,23953,3173,0.11697264616972647,0,0,0,,9042,7984,1058,0.11700951117009512,9043,7985,1058,0.11699657193409267
bank_marketing,404,sigmoid,45211,16,0.11698480458295547,21700,19162,2538,0.11695852534562212,5426,4791,635,0.11702911905639514,9042,7984,1058,0.11700951117009512,9043,7985,1058,0.11699657193409267
bank_marketing,404,isotonic,45211,16,0.11698480458295547,21700,19162,2538,0.11695852534562212,5426,4791,635,0.11702911905639514,9042,7984,1058,0.11700951117009512,9043,7985,1058,0.11699657193409267
bank_marketing,505,none,45211,16,0.11698480458295547,27126,23953,3173,0.11697264616972647,0,0,0,,9042,7984,1058,0.11700951117009512,9043,7985,1058,0.11699657193409267
bank_marketing,505,sigmoid,45211,16,0.11698480458295547,21700,19162,2538,0.11695852534562212,5426,4791,635,0.11702911905639514,9042,7984,1058,0.11700951117009512,9043,7985,1058,0.11699657193409267
bank_marketing,505,isotonic,45211,16,0.11698480458295547,21700,19162,2538,0.11695852534562212,5426,4791,635,0.11702911905639514,9042,7984,1058,0.11700951117009512,9043,7985,1058,0.11699657193409267
bank_marketing,606,none,45211,16,0.11698480458295547,27126,23953,3173,0.11697264616972647,0,0,0,,9042,7984,1058,0.11700951117009512,9043,7985,1058,0.11699657193409267
bank_marketing,606,sigmoid,45211,16,0.11698480458295547,21700,19162,2538,0.11695852534562212,5426,4791,635,0.11702911905639514,9042,7984,1058,0.11700951117009512,9043,7985,1058,0.11699657193409267
bank_marketing,606,isotonic,45211,16,0.11698480458295547,21700,19162,2538,0.11695852534562212,5426,4791,635,0.11702911905639514,9042,7984,1058,0.11700951117009512,9043,7985,1058,0.11699657193409267
adult,7,none,48842,14,0.23928176569346055,29305,22293,7012,0.23927657396348745,0,0,0,,9768,7431,2337,0.23925061425061425,9769,7431,2338,0.23932848807452145
adult,7,sigmoid,48842,14,0.23928176569346055,23444,17834,5610,0.23929363589831087,5861,4459,1402,0.23920832622419383,9768,7431,2337,0.23925061425061425,9769,7431,2338,0.23932848807452145
adult,7,isotonic,48842,14,0.23928176569346055,23444,17834,5610,0.23929363589831087,5861,4459,1402,0.23920832622419383,9768,7431,2337,0.23925061425061425,9769,7431,2338,0.23932848807452145
adult,19,none,48842,14,0.23928176569346055,29305,22293,7012,0.23927657396348745,0,0,0,,9768,7431,2337,0.23925061425061425,9769,7431,2338,0.23932848807452145
adult,19,sigmoid,48842,14,0.23928176569346055,23444,17834,5610,0.23929363589831087,5861,4459,1402,0.23920832622419383,9768,7431,2337,0.23925061425061425,9769,7431,2338,0.23932848807452145
adult,19,isotonic,48842,14,0.23928176569346055,23444,17834,5610,0.23929363589831087,5861,4459,1402,0.23920832622419383,9768,7431,2337,0.23925061425061425,9769,7431,2338,0.23932848807452145
adult,31,none,48842,14,0.23928176569346055,29305,22293,7012,0.23927657396348745,0,0,0,,9768,7431,2337,0.23925061425061425,9769,7431,2338,0.23932848807452145
adult,31,sigmoid,48842,14,0.23928176569346055,23444,17834,5610,0.23929363589831087,5861,4459,1402,0.23920832622419383,9768,7431,2337,0.23925061425061425,9769,7431,2338,0.23932848807452145
adult,31,isotonic,48842,14,0.23928176569346055,23444,17834,5610,0.23929363589831087,5861,4459,1402,0.23920832622419383,9768,7431,2337,0.23925061425061425,9769,7431,2338,0.23932848807452145
adult,42,none,48842,14,0.23928176569346055,29305,22293,7012,0.23927657396348745,0,0,0,,9768,7431,2337,0.23925061425061425,9769,7431,2338,0.23932848807452145
adult,42,sigmoid,48842,14,0.23928176569346055,23444,17834,5610,0.23929363589831087,5861,4459,1402,0.23920832622419383,9768,7431,2337,0.23925061425061425,9769,7431,2338,0.23932848807452145
adult,42,isotonic,48842,14,0.23928176569346055,23444,17834,5610,0.23929363589831087,5861,4459,1402,0.23920832622419383,9768,7431,2337,0.23925061425061425,9769,7431,2338,0.23932848807452145
adult,101,none,48842,14,0.23928176569346055,29305,22293,7012,0.23927657396348745,0,0,0,,9768,7431,2337,0.23925061425061425,9769,7431,2338,0.23932848807452145
adult,101,sigmoid,48842,14,0.23928176569346055,23444,17834,5610,0.23929363589831087,5861,4459,1402,0.23920832622419383,9768,7431,2337,0.23925061425061425,9769,7431,2338,0.23932848807452145
adult,101,isotonic,48842,14,0.23928176569346055,23444,17834,5610,0.23929363589831087,5861,4459,1402,0.23920832622419383,9768,7431,2337,0.23925061425061425,9769,7431,2338,0.23932848807452145
adult,202,none,48842,14,0.23928176569346055,29305,22293,7012,0.23927657396348745,0,0,0,,9768,7431,2337,0.23925061425061425,9769,7431,2338,0.23932848807452145
adult,202,sigmoid,48842,14,0.23928176569346055,23444,17834,5610,0.23929363589831087,5861,4459,1402,0.23920832622419383,9768,7431,2337,0.23925061425061425,9769,7431,2338,0.23932848807452145
adult,202,isotonic,48842,14,0.23928176569346055,23444,17834,5610,0.23929363589831087,5861,4459,1402,0.23920832622419383,9768,7431,2337,0.23925061425061425,9769,7431,2338,0.23932848807452145
adult,303,none,48842,14,0.23928176569346055,29305,22293,7012,0.23927657396348745,0,0,0,,9768,7431,2337,0.23925061425061425,9769,7431,2338,0.23932848807452145
adult,303,sigmoid,48842,14,0.23928176569346055,23444,17834,5610,0.23929363589831087,5861,4459,1402,0.23920832622419383,9768,7431,2337,0.23925061425061425,9769,7431,2338,0.23932848807452145
adult,303,isotonic,48842,14,0.23928176569346055,23444,17834,5610,0.23929363589831087,5861,4459,1402,0.23920832622419383,9768,7431,2337,0.23925061425061425,9769,7431,2338,0.23932848807452145
adult,404,none,48842,14,0.23928176569346055,29305,22293,7012,0.23927657396348745,0,0,0,,9768,7431,2337,0.23925061425061425,9769,7431,2338,0.23932848807452145
adult,404,sigmoid,48842,14,0.23928176569346055,23444,17834,5610,0.23929363589831087,5861,4459,1402,0.23920832622419383,9768,7431,2337,0.23925061425061425,9769,7431,2338,0.23932848807452145
adult,404,isotonic,48842,14,0.23928176569346055,23444,17834,5610,0.23929363589831087,5861,4459,1402,0.23920832622419383,9768,7431,2337,0.23925061425061425,9769,7431,2338,0.23932848807452145
adult,505,none,48842,14,0.23928176569346055,29305,22293,7012,0.23927657396348745,0,0,0,,9768,7431,2337,0.23925061425061425,9769,7431,2338,0.23932848807452145
adult,505,sigmoid,48842,14,0.23928176569346055,23444,17834,5610,0.23929363589831087,5861,4459,1402,0.23920832622419383,9768,7431,2337,0.23925061425061425,9769,7431,2338,0.23932848807452145
adult,505,isotonic,48842,14,0.23928176569346055,23444,17834,5610,0.23929363589831087,5861,4459,1402,0.23920832622419383,9768,7431,2337,0.23925061425061425,9769,7431,2338,0.23932848807452145
adult,606,none,48842,14,0.23928176569346055,29305,22293,7012,0.23927657396348745,0,0,0,,9768,7431,2337,0.23925061425061425,9769,7431,2338,0.23932848807452145
adult,606,sigmoid,48842,14,0.23928176569346055,23444,17834,5610,0.23929363589831087,5861,4459,1402,0.23920832622419383,9768,7431,2337,0.23925061425061425,9769,7431,2338,0.23932848807452145
adult,606,isotonic,48842,14,0.23928176569346055,23444,17834,5610,0.23929363589831087,5861,4459,1402,0.23920832622419383,9768,7431,2337,0.23925061425061425,9769,7431,2338,0.23932848807452145
aps_failure,7,none,76000,170,0.018092105263157895,45600,44775,825,0.018092105263157895,0,0,0,,15200,14925,275,0.018092105263157895,15200,14925,275,0.018092105263157895
aps_failure,7,sigmoid,76000,170,0.018092105263157895,36480,35820,660,0.018092105263157895,9120,8955,165,0.018092105263157895,15200,14925,275,0.018092105263157895,15200,14925,275,0.018092105263157895
aps_failure,7,isotonic,76000,170,0.018092105263157895,36480,35820,660,0.018092105263157895,9120,8955,165,0.018092105263157895,15200,14925,275,0.018092105263157895,15200,14925,275,0.018092105263157895
aps_failure,19,none,76000,170,0.018092105263157895,45600,44775,825,0.018092105263157895,0,0,0,,15200,14925,275,0.018092105263157895,15200,14925,275,0.018092105263157895
aps_failure,19,sigmoid,76000,170,0.018092105263157895,36480,35820,660,0.018092105263157895,9120,8955,165,0.018092105263157895,15200,14925,275,0.018092105263157895,15200,14925,275,0.018092105263157895
aps_failure,19,isotonic,76000,170,0.018092105263157895,36480,35820,660,0.018092105263157895,9120,8955,165,0.018092105263157895,15200,14925,275,0.018092105263157895,15200,14925,275,0.018092105263157895
aps_failure,31,none,76000,170,0.018092105263157895,45600,44775,825,0.018092105263157895,0,0,0,,15200,14925,275,0.018092105263157895,15200,14925,275,0.018092105263157895
aps_failure,31,sigmoid,76000,170,0.018092105263157895,36480,35820,660,0.018092105263157895,9120,8955,165,0.018092105263157895,15200,14925,275,0.018092105263157895,15200,14925,275,0.018092105263157895
aps_failure,31,isotonic,76000,170,0.018092105263157895,36480,35820,660,0.018092105263157895,9120,8955,165,0.018092105263157895,15200,14925,275,0.018092105263157895,15200,14925,275,0.018092105263157895
aps_failure,42,none,76000,170,0.018092105263157895,45600,44775,825,0.018092105263157895,0,0,0,,15200,14925,275,0.018092105263157895,15200,14925,275,0.018092105263157895
aps_failure,42,sigmoid,76000,170,0.018092105263157895,36480,35820,660,0.018092105263157895,9120,8955,165,0.018092105263157895,15200,14925,275,0.018092105263157895,15200,14925,275,0.018092105263157895
aps_failure,42,isotonic,76000,170,0.018092105263157895,36480,35820,660,0.018092105263157895,9120,8955,165,0.018092105263157895,15200,14925,275,0.018092105263157895,15200,14925,275,0.018092105263157895
aps_failure,101,none,76000,170,0.018092105263157895,45600,44775,825,0.018092105263157895,0,0,0,,15200,14925,275,0.018092105263157895,15200,14925,275,0.018092105263157895
aps_failure,101,sigmoid,76000,170,0.018092105263157895,36480,35820,660,0.018092105263157895,9120,8955,165,0.018092105263157895,15200,14925,275,0.018092105263157895,15200,14925,275,0.018092105263157895
aps_failure,101,isotonic,76000,170,0.018092105263157895,36480,35820,660,0.018092105263157895,9120,8955,165,0.018092105263157895,15200,14925,275,0.018092105263157895,15200,14925,275,0.018092105263157895
aps_failure,202,none,76000,170,0.018092105263157895,45600,44775,825,0.018092105263157895,0,0,0,,15200,14925,275,0.018092105263157895,15200,14925,275,0.018092105263157895
aps_failure,202,sigmoid,76000,170,0.018092105263157895,36480,35820,660,0.018092105263157895,9120,8955,165,0.018092105263157895,15200,14925,275,0.018092105263157895,15200,14925,275,0.018092105263157895
aps_failure,202,isotonic,76000,170,0.018092105263157895,36480,35820,660,0.018092105263157895,9120,8955,165,0.018092105263157895,15200,14925,275,0.018092105263157895,15200,14925,275,0.018092105263157895
aps_failure,303,none,76000,170,0.018092105263157895,45600,44775,825,0.018092105263157895,0,0,0,,15200,14925,275,0.018092105263157895,15200,14925,275,0.018092105263157895
aps_failure,303,sigmoid,76000,170,0.018092105263157895,36480,35820,660,0.018092105263157895,9120,8955,165,0.018092105263157895,15200,14925,275,0.018092105263157895,15200,14925,275,0.018092105263157895
aps_failure,303,isotonic,76000,170,0.018092105263157895,36480,35820,660,0.018092105263157895,9120,8955,165,0.018092105263157895,15200,14925,275,0.018092105263157895,15200,14925,275,0.018092105263157895
aps_failure,404,none,76000,170,0.018092105263157895,45600,44775,825,0.018092105263157895,0,0,0,,15200,14925,275,0.018092105263157895,15200,14925,275,0.018092105263157895
aps_failure,404,sigmoid,76000,170,0.018092105263157895,36480,35820,660,0.018092105263157895,9120,8955,165,0.018092105263157895,15200,14925,275,0.018092105263157895,15200,14925,275,0.018092105263157895
aps_failure,404,isotonic,76000,170,0.018092105263157895,36480,35820,660,0.018092105263157895,9120,8955,165,0.018092105263157895,15200,14925,275,0.018092105263157895,15200,14925,275,0.018092105263157895
aps_failure,505,none,76000,170,0.018092105263157895,45600,44775,825,0.018092105263157895,0,0,0,,15200,14925,275,0.018092105263157895,15200,14925,275,0.018092105263157895
aps_failure,505,sigmoid,76000,170,0.018092105263157895,36480,35820,660,0.018092105263157895,9120,8955,165,0.018092105263157895,15200,14925,275,0.018092105263157895,15200,14925,275,0.018092105263157895
aps_failure,505,isotonic,76000,170,0.018092105263157895,36480,35820,660,0.018092105263157895,9120,8955,165,0.018092105263157895,15200,14925,275,0.018092105263157895,15200,14925,275,0.018092105263157895
aps_failure,606,none,76000,170,0.018092105263157895,45600,44775,825,0.018092105263157895,0,0,0,,15200,14925,275,0.018092105263157895,15200,14925,275,0.018092105263157895
aps_failure,606,sigmoid,76000,170,0.018092105263157895,36480,35820,660,0.018092105263157895,9120,8955,165,0.018092105263157895,15200,14925,275,0.018092105263157895,15200,14925,275,0.018092105263157895
aps_failure,606,isotonic,76000,170,0.018092105263157895,36480,35820,660,0.018092105263157895,9120,8955,165,0.018092105263157895,15200,14925,275,0.018092105263157895,15200,14925,275,0.018092105263157895
diabetes130us,7,none,101766,49,0.11159915885462728,61059,54245,6814,0.11159697997019276,0,0,0,,20353,18082,2271,0.11158060236820125,20354,18082,2272,0.11162425076152108
diabetes130us,7,sigmoid,101766,49,0.11159915885462728,48847,43396,5451,0.11159334247753189,12212,10849,1363,0.11161152964297412,20353,18082,2271,0.11158060236820125,20354,18082,2272,0.11162425076152108
diabetes130us,7,isotonic,101766,49,0.11159915885462728,48847,43396,5451,0.11159334247753189,12212,10849,1363,0.11161152964297412,20353,18082,2271,0.11158060236820125,20354,18082,2272,0.11162425076152108
diabetes130us,19,none,101766,49,0.11159915885462728,61059,54245,6814,0.11159697997019276,0,0,0,,20353,18082,2271,0.11158060236820125,20354,18082,2272,0.11162425076152108
diabetes130us,19,sigmoid,101766,49,0.11159915885462728,48847,43396,5451,0.11159334247753189,12212,10849,1363,0.11161152964297412,20353,18082,2271,0.11158060236820125,20354,18082,2272,0.11162425076152108
diabetes130us,19,isotonic,101766,49,0.11159915885462728,48847,43396,5451,0.11159334247753189,12212,10849,1363,0.11161152964297412,20353,18082,2271,0.11158060236820125,20354,18082,2272,0.11162425076152108
diabetes130us,31,none,101766,49,0.11159915885462728,61059,54245,6814,0.11159697997019276,0,0,0,,20353,18082,2271,0.11158060236820125,20354,18082,2272,0.11162425076152108
diabetes130us,31,sigmoid,101766,49,0.11159915885462728,48847,43396,5451,0.11159334247753189,12212,10849,1363,0.11161152964297412,20353,18082,2271,0.11158060236820125,20354,18082,2272,0.11162425076152108
diabetes130us,31,isotonic,101766,49,0.11159915885462728,48847,43396,5451,0.11159334247753189,12212,10849,1363,0.11161152964297412,20353,18082,2271,0.11158060236820125,20354,18082,2272,0.11162425076152108
diabetes130us,42,none,101766,49,0.11159915885462728,61059,54245,6814,0.11159697997019276,0,0,0,,20353,18082,2271,0.11158060236820125,20354,18082,2272,0.11162425076152108
diabetes130us,42,sigmoid,101766,49,0.11159915885462728,48847,43396,5451,0.11159334247753189,12212,10849,1363,0.11161152964297412,20353,18082,2271,0.11158060236820125,20354,18082,2272,0.11162425076152108
diabetes130us,42,isotonic,101766,49,0.11159915885462728,48847,43396,5451,0.11159334247753189,12212,10849,1363,0.11161152964297412,20353,18082,2271,0.11158060236820125,20354,18082,2272,0.11162425076152108
diabetes130us,101,none,101766,49,0.11159915885462728,61059,54245,6814,0.11159697997019276,0,0,0,,20353,18082,2271,0.11158060236820125,20354,18082,2272,0.11162425076152108
diabetes130us,101,sigmoid,101766,49,0.11159915885462728,48847,43396,5451,0.11159334247753189,12212,10849,1363,0.11161152964297412,20353,18082,2271,0.11158060236820125,20354,18082,2272,0.11162425076152108
diabetes130us,101,isotonic,101766,49,0.11159915885462728,48847,43396,5451,0.11159334247753189,12212,10849,1363,0.11161152964297412,20353,18082,2271,0.11158060236820125,20354,18082,2272,0.11162425076152108
diabetes130us,202,none,101766,49,0.11159915885462728,61059,54245,6814,0.11159697997019276,0,0,0,,20353,18082,2271,0.11158060236820125,20354,18082,2272,0.11162425076152108
diabetes130us,202,sigmoid,101766,49,0.11159915885462728,48847,43396,5451,0.11159334247753189,12212,10849,1363,0.11161152964297412,20353,18082,2271,0.11158060236820125,20354,18082,2272,0.11162425076152108
diabetes130us,202,isotonic,101766,49,0.11159915885462728,48847,43396,5451,0.11159334247753189,12212,10849,1363,0.11161152964297412,20353,18082,2271,0.11158060236820125,20354,18082,2272,0.11162425076152108
diabetes130us,303,none,101766,49,0.11159915885462728,61059,54245,6814,0.11159697997019276,0,0,0,,20353,18082,2271,0.11158060236820125,20354,18082,2272,0.11162425076152108
diabetes130us,303,sigmoid,101766,49,0.11159915885462728,48847,43396,5451,0.11159334247753189,12212,10849,1363,0.11161152964297412,20353,18082,2271,0.11158060236820125,20354,18082,2272,0.11162425076152108
diabetes130us,303,isotonic,101766,49,0.11159915885462728,48847,43396,5451,0.11159334247753189,12212,10849,1363,0.11161152964297412,20353,18082,2271,0.11158060236820125,20354,18082,2272,0.11162425076152108
diabetes130us,404,none,101766,49,0.11159915885462728,61059,54245,6814,0.11159697997019276,0,0,0,,20353,18082,2271,0.11158060236820125,20354,18082,2272,0.11162425076152108
diabetes130us,404,sigmoid,101766,49,0.11159915885462728,48847,43396,5451,0.11159334247753189,12212,10849,1363,0.11161152964297412,20353,18082,2271,0.11158060236820125,20354,18082,2272,0.11162425076152108
diabetes130us,404,isotonic,101766,49,0.11159915885462728,48847,43396,5451,0.11159334247753189,12212,10849,1363,0.11161152964297412,20353,18082,2271,0.11158060236820125,20354,18082,2272,0.11162425076152108
diabetes130us,505,none,101766,49,0.11159915885462728,61059,54245,6814,0.11159697997019276,0,0,0,,20353,18082,2271,0.11158060236820125,20354,18082,2272,0.11162425076152108
diabetes130us,505,sigmoid,101766,49,0.11159915885462728,48847,43396,5451,0.11159334247753189,12212,10849,1363,0.11161152964297412,20353,18082,2271,0.11158060236820125,20354,18082,2272,0.11162425076152108
diabetes130us,505,isotonic,101766,49,0.11159915885462728,48847,43396,5451,0.11159334247753189,12212,10849,1363,0.11161152964297412,20353,18082,2271,0.11158060236820125,20354,18082,2272,0.11162425076152108
diabetes130us,606,none,101766,49,0.11159915885462728,61059,54245,6814,0.11159697997019276,0,0,0,,20353,18082,2271,0.11158060236820125,20354,18082,2272,0.11162425076152108
diabetes130us,606,sigmoid,101766,49,0.11159915885462728,48847,43396,5451,0.11159334247753189,12212,10849,1363,0.11161152964297412,20353,18082,2271,0.11158060236820125,20354,18082,2272,0.11162425076152108
diabetes130us,606,isotonic,101766,49,0.11159915885462728,48847,43396,5451,0.11159334247753189,12212,10849,1363,0.11161152964297412,20353,18082,2271,0.11158060236820125,20354,18082,2272,0.11162425076152108
miniboone,7,none,130064,50,0.28062338541025955,78038,56139,21899,0.2806196980957995,0,0,0,,26013,18713,7300,0.2806289163110752,26013,18713,7300,0.2806289163110752
miniboone,7,sigmoid,130064,50,0.28062338541025955,62430,44911,17519,0.2806182924875861,15608,11228,4380,0.2806253203485392,26013,18713,7300,0.2806289163110752,26013,18713,7300,0.2806289163110752
miniboone,7,isotonic,130064,50,0.28062338541025955,62430,44911,17519,0.2806182924875861,15608,11228,4380,0.2806253203485392,26013,18713,7300,0.2806289163110752,26013,18713,7300,0.2806289163110752
miniboone,19,none,130064,50,0.28062338541025955,78038,56139,21899,0.2806196980957995,0,0,0,,26013,18713,7300,0.2806289163110752,26013,18713,7300,0.2806289163110752
miniboone,19,sigmoid,130064,50,0.28062338541025955,62430,44911,17519,0.2806182924875861,15608,11228,4380,0.2806253203485392,26013,18713,7300,0.2806289163110752,26013,18713,7300,0.2806289163110752
miniboone,19,isotonic,130064,50,0.28062338541025955,62430,44911,17519,0.2806182924875861,15608,11228,4380,0.2806253203485392,26013,18713,7300,0.2806289163110752,26013,18713,7300,0.2806289163110752
miniboone,31,none,130064,50,0.28062338541025955,78038,56139,21899,0.2806196980957995,0,0,0,,26013,18713,7300,0.2806289163110752,26013,18713,7300,0.2806289163110752
miniboone,31,sigmoid,130064,50,0.28062338541025955,62430,44911,17519,0.2806182924875861,15608,11228,4380,0.2806253203485392,26013,18713,7300,0.2806289163110752,26013,18713,7300,0.2806289163110752
miniboone,31,isotonic,130064,50,0.28062338541025955,62430,44911,17519,0.2806182924875861,15608,11228,4380,0.2806253203485392,26013,18713,7300,0.2806289163110752,26013,18713,7300,0.2806289163110752
miniboone,42,none,130064,50,0.28062338541025955,78038,56139,21899,0.2806196980957995,0,0,0,,26013,18713,7300,0.2806289163110752,26013,18713,7300,0.2806289163110752
miniboone,42,sigmoid,130064,50,0.28062338541025955,62430,44911,17519,0.2806182924875861,15608,11228,4380,0.2806253203485392,26013,18713,7300,0.2806289163110752,26013,18713,7300,0.2806289163110752
miniboone,42,isotonic,130064,50,0.28062338541025955,62430,44911,17519,0.2806182924875861,15608,11228,4380,0.2806253203485392,26013,18713,7300,0.2806289163110752,26013,18713,7300,0.2806289163110752
miniboone,101,none,130064,50,0.28062338541025955,78038,56139,21899,0.2806196980957995,0,0,0,,26013,18713,7300,0.2806289163110752,26013,18713,7300,0.2806289163110752
miniboone,101,sigmoid,130064,50,0.28062338541025955,62430,44911,17519,0.2806182924875861,15608,11228,4380,0.2806253203485392,26013,18713,7300,0.2806289163110752,26013,18713,7300,0.2806289163110752
miniboone,101,isotonic,130064,50,0.28062338541025955,62430,44911,17519,0.2806182924875861,15608,11228,4380,0.2806253203485392,26013,18713,7300,0.2806289163110752,26013,18713,7300,0.2806289163110752
miniboone,202,none,130064,50,0.28062338541025955,78038,56139,21899,0.2806196980957995,0,0,0,,26013,18713,7300,0.2806289163110752,26013,18713,7300,0.2806289163110752
miniboone,202,sigmoid,130064,50,0.28062338541025955,62430,44911,17519,0.2806182924875861,15608,11228,4380,0.2806253203485392,26013,18713,7300,0.2806289163110752,26013,18713,7300,0.2806289163110752
miniboone,202,isotonic,130064,50,0.28062338541025955,62430,44911,17519,0.2806182924875861,15608,11228,4380,0.2806253203485392,26013,18713,7300,0.2806289163110752,26013,18713,7300,0.2806289163110752
miniboone,303,none,130064,50,0.28062338541025955,78038,56139,21899,0.2806196980957995,0,0,0,,26013,18713,7300,0.2806289163110752,26013,18713,7300,0.2806289163110752
miniboone,303,sigmoid,130064,50,0.28062338541025955,62430,44911,17519,0.2806182924875861,15608,11228,4380,0.2806253203485392,26013,18713,7300,0.2806289163110752,26013,18713,7300,0.2806289163110752
miniboone,303,isotonic,130064,50,0.28062338541025955,62430,44911,17519,0.2806182924875861,15608,11228,4380,0.2806253203485392,26013,18713,7300,0.2806289163110752,26013,18713,7300,0.2806289163110752
miniboone,404,none,130064,50,0.28062338541025955,78038,56139,21899,0.2806196980957995,0,0,0,,26013,18713,7300,0.2806289163110752,26013,18713,7300,0.2806289163110752
miniboone,404,sigmoid,130064,50,0.28062338541025955,62430,44911,17519,0.2806182924875861,15608,11228,4380,0.2806253203485392,26013,18713,7300,0.2806289163110752,26013,18713,7300,0.2806289163110752
miniboone,404,isotonic,130064,50,0.28062338541025955,62430,44911,17519,0.2806182924875861,15608,11228,4380,0.2806253203485392,26013,18713,7300,0.2806289163110752,26013,18713,7300,0.2806289163110752
miniboone,505,none,130064,50,0.28062338541025955,78038,56139,21899,0.2806196980957995,0,0,0,,26013,18713,7300,0.2806289163110752,26013,18713,7300,0.2806289163110752
miniboone,505,sigmoid,130064,50,0.28062338541025955,62430,44911,17519,0.2806182924875861,15608,11228,4380,0.2806253203485392,26013,18713,7300,0.2806289163110752,26013,18713,7300,0.2806289163110752
miniboone,505,isotonic,130064,50,0.28062338541025955,62430,44911,17519,0.2806182924875861,15608,11228,4380,0.2806253203485392,26013,18713,7300,0.2806289163110752,26013,18713,7300,0.2806289163110752
miniboone,606,none,130064,50,0.28062338541025955,78038,56139,21899,0.2806196980957995,0,0,0,,26013,18713,7300,0.2806289163110752,26013,18713,7300,0.2806289163110752
miniboone,606,sigmoid,130064,50,0.28062338541025955,62430,44911,17519,0.2806182924875861,15608,11228,4380,0.2806253203485392,26013,18713,7300,0.2806289163110752,26013,18713,7300,0.2806289163110752
miniboone,606,isotonic,130064,50,0.28062338541025955,62430,44911,17519,0.2806182924875861,15608,11228,4380,0.2806253203485392,26013,18713,7300,0.2806289163110752,26013,18713,7300,0.2806289163110752
fraud,7,none,284807,29,0.001727485630620034,170884,170589,295,0.0017263172678542169,0,0,0,,56961,56863,98,0.0017204754130018785,56962,56863,99,0.0017380007724447878
fraud,7,sigmoid,284807,29,0.001727485630620034,136707,136471,236,0.001726319793426818,34177,34118,59,0.0017263071656377096,56961,56863,98,0.0017204754130018785,56962,56863,99,0.0017380007724447878
fraud,7,isotonic,284807,29,0.001727485630620034,136707,136471,236,0.001726319793426818,34177,34118,59,0.0017263071656377096,56961,56863,98,0.0017204754130018785,56962,56863,99,0.0017380007724447878
fraud,19,none,284807,29,0.001727485630620034,170884,170589,295,0.0017263172678542169,0,0,0,,56961,56863,98,0.0017204754130018785,56962,56863,99,0.0017380007724447878
fraud,19,sigmoid,284807,29,0.001727485630620034,136707,136471,236,0.001726319793426818,34177,34118,59,0.0017263071656377096,56961,56863,98,0.0017204754130018785,56962,56863,99,0.0017380007724447878
fraud,19,isotonic,284807,29,0.001727485630620034,136707,136471,236,0.001726319793426818,34177,34118,59,0.0017263071656377096,56961,56863,98,0.0017204754130018785,56962,56863,99,0.0017380007724447878
fraud,31,none,284807,29,0.001727485630620034,170884,170589,295,0.0017263172678542169,0,0,0,,56961,56863,98,0.0017204754130018785,56962,56863,99,0.0017380007724447878
fraud,31,sigmoid,284807,29,0.001727485630620034,136707,136471,236,0.001726319793426818,34177,34118,59,0.0017263071656377096,56961,56863,98,0.0017204754130018785,56962,56863,99,0.0017380007724447878
fraud,31,isotonic,284807,29,0.001727485630620034,136707,136471,236,0.001726319793426818,34177,34118,59,0.0017263071656377096,56961,56863,98,0.0017204754130018785,56962,56863,99,0.0017380007724447878
fraud,42,none,284807,29,0.001727485630620034,170884,170589,295,0.0017263172678542169,0,0,0,,56961,56863,98,0.0017204754130018785,56962,56863,99,0.0017380007724447878
fraud,42,sigmoid,284807,29,0.001727485630620034,136707,136471,236,0.001726319793426818,34177,34118,59,0.0017263071656377096,56961,56863,98,0.0017204754130018785,56962,56863,99,0.0017380007724447878
fraud,42,isotonic,284807,29,0.001727485630620034,136707,136471,236,0.001726319793426818,34177,34118,59,0.0017263071656377096,56961,56863,98,0.0017204754130018785,56962,56863,99,0.0017380007724447878
fraud,101,none,284807,29,0.001727485630620034,170884,170589,295,0.0017263172678542169,0,0,0,,56961,56863,98,0.0017204754130018785,56962,56863,99,0.0017380007724447878
fraud,101,sigmoid,284807,29,0.001727485630620034,136707,136471,236,0.001726319793426818,34177,34118,59,0.0017263071656377096,56961,56863,98,0.0017204754130018785,56962,56863,99,0.0017380007724447878
fraud,101,isotonic,284807,29,0.001727485630620034,136707,136471,236,0.001726319793426818,34177,34118,59,0.0017263071656377096,56961,56863,98,0.0017204754130018785,56962,56863,99,0.0017380007724447878
fraud,202,none,284807,29,0.001727485630620034,170884,170589,295,0.0017263172678542169,0,0,0,,56961,56863,98,0.0017204754130018785,56962,56863,99,0.0017380007724447878
fraud,202,sigmoid,284807,29,0.001727485630620034,136707,136471,236,0.001726319793426818,34177,34118,59,0.0017263071656377096,56961,56863,98,0.0017204754130018785,56962,56863,99,0.0017380007724447878
fraud,202,isotonic,284807,29,0.001727485630620034,136707,136471,236,0.001726319793426818,34177,34118,59,0.0017263071656377096,56961,56863,98,0.0017204754130018785,56962,56863,99,0.0017380007724447878
fraud,303,none,284807,29,0.001727485630620034,170884,170589,295,0.0017263172678542169,0,0,0,,56961,56863,98,0.0017204754130018785,56962,56863,99,0.0017380007724447878
fraud,303,sigmoid,284807,29,0.001727485630620034,136707,136471,236,0.001726319793426818,34177,34118,59,0.0017263071656377096,56961,56863,98,0.0017204754130018785,56962,56863,99,0.0017380007724447878
fraud,303,isotonic,284807,29,0.001727485630620034,136707,136471,236,0.001726319793426818,34177,34118,59,0.0017263071656377096,56961,56863,98,0.0017204754130018785,56962,56863,99,0.0017380007724447878
fraud,404,none,284807,29,0.001727485630620034,170884,170589,295,0.0017263172678542169,0,0,0,,56961,56863,98,0.0017204754130018785,56962,56863,99,0.0017380007724447878
fraud,404,sigmoid,284807,29,0.001727485630620034,136707,136471,236,0.001726319793426818,34177,34118,59,0.0017263071656377096,56961,56863,98,0.0017204754130018785,56962,56863,99,0.0017380007724447878
fraud,404,isotonic,284807,29,0.001727485630620034,136707,136471,236,0.001726319793426818,34177,34118,59,0.0017263071656377096,56961,56863,98,0.0017204754130018785,56962,56863,99,0.0017380007724447878
fraud,505,none,284807,29,0.001727485630620034,170884,170589,295,0.0017263172678542169,0,0,0,,56961,56863,98,0.0017204754130018785,56962,56863,99,0.0017380007724447878
fraud,505,sigmoid,284807,29,0.001727485630620034,136707,136471,236,0.001726319793426818,34177,34118,59,0.0017263071656377096,56961,56863,98,0.0017204754130018785,56962,56863,99,0.0017380007724447878
fraud,505,isotonic,284807,29,0.001727485630620034,136707,136471,236,0.001726319793426818,34177,34118,59,0.0017263071656377096,56961,56863,98,0.0017204754130018785,56962,56863,99,0.0017380007724447878
fraud,606,none,284807,29,0.001727485630620034,170884,170589,295,0.0017263172678542169,0,0,0,,56961,56863,98,0.0017204754130018785,56962,56863,99,0.0017380007724447878
fraud,606,sigmoid,284807,29,0.001727485630620034,136707,136471,236,0.001726319793426818,34177,34118,59,0.0017263071656377096,56961,56863,98,0.0017204754130018785,56962,56863,99,0.0017380007724447878
fraud,606,isotonic,284807,29,0.001727485630620034,136707,136471,236,0.001726319793426818,34177,34118,59,0.0017263071656377096,56961,56863,98,0.0017204754130018785,56962,56863,99,0.0017380007724447878
mammography,7,none,11183,6,0.023249575248144506,6709,6553,156,0.02325234759278581,0,0,0,,2237,2185,52,0.0232454179704962,2237,2185,52,0.0232454179704962
mammography,7,sigmoid,11183,6,0.023249575248144506,5367,5242,125,0.0232904788522452,1342,1311,31,0.023099850968703428,2237,2185,52,0.0232454179704962,2237,2185,52,0.0232454179704962
mammography,7,isotonic,11183,6,0.023249575248144506,5367,5242,125,0.0232904788522452,1342,1311,31,0.023099850968703428,2237,2185,52,0.0232454179704962,2237,2185,52,0.0232454179704962
mammography,19,none,11183,6,0.023249575248144506,6709,6553,156,0.02325234759278581,0,0,0,,2237,2185,52,0.0232454179704962,2237,2185,52,0.0232454179704962
mammography,19,sigmoid,11183,6,0.023249575248144506,5367,5242,125,0.0232904788522452,1342,1311,31,0.023099850968703428,2237,2185,52,0.0232454179704962,2237,2185,52,0.0232454179704962
mammography,19,isotonic,11183,6,0.023249575248144506,5367,5242,125,0.0232904788522452,1342,1311,31,0.023099850968703428,2237,2185,52,0.0232454179704962,2237,2185,52,0.0232454179704962
mammography,31,none,11183,6,0.023249575248144506,6709,6553,156,0.02325234759278581,0,0,0,,2237,2185,52,0.0232454179704962,2237,2185,52,0.0232454179704962
mammography,31,sigmoid,11183,6,0.023249575248144506,5367,5242,125,0.0232904788522452,1342,1311,31,0.023099850968703428,2237,2185,52,0.0232454179704962,2237,2185,52,0.0232454179704962
mammography,31,isotonic,11183,6,0.023249575248144506,5367,5242,125,0.0232904788522452,1342,1311,31,0.023099850968703428,2237,2185,52,0.0232454179704962,2237,2185,52,0.0232454179704962
mammography,42,none,11183,6,0.023249575248144506,6709,6553,156,0.02325234759278581,0,0,0,,2237,2185,52,0.0232454179704962,2237,2185,52,0.0232454179704962
mammography,42,sigmoid,11183,6,0.023249575248144506,5367,5242,125,0.0232904788522452,1342,1311,31,0.023099850968703428,2237,2185,52,0.0232454179704962,2237,2185,52,0.0232454179704962
mammography,42,isotonic,11183,6,0.023249575248144506,5367,5242,125,0.0232904788522452,1342,1311,31,0.023099850968703428,2237,2185,52,0.0232454179704962,2237,2185,52,0.0232454179704962
mammography,101,none,11183,6,0.023249575248144506,6709,6553,156,0.02325234759278581,0,0,0,,2237,2185,52,0.0232454179704962,2237,2185,52,0.0232454179704962
mammography,101,sigmoid,11183,6,0.023249575248144506,5367,5242,125,0.0232904788522452,1342,1311,31,0.023099850968703428,2237,2185,52,0.0232454179704962,2237,2185,52,0.0232454179704962
mammography,101,isotonic,11183,6,0.023249575248144506,5367,5242,125,0.0232904788522452,1342,1311,31,0.023099850968703428,2237,2185,52,0.0232454179704962,2237,2185,52,0.0232454179704962
mammography,202,none,11183,6,0.023249575248144506,6709,6553,156,0.02325234759278581,0,0,0,,2237,2185,52,0.0232454179704962,2237,2185,52,0.0232454179704962
mammography,202,sigmoid,11183,6,0.023249575248144506,5367,5242,125,0.0232904788522452,1342,1311,31,0.023099850968703428,2237,2185,52,0.0232454179704962,2237,2185,52,0.0232454179704962
mammography,202,isotonic,11183,6,0.023249575248144506,5367,5242,125,0.0232904788522452,1342,1311,31,0.023099850968703428,2237,2185,52,0.0232454179704962,2237,2185,52,0.0232454179704962
mammography,303,none,11183,6,0.023249575248144506,6709,6553,156,0.02325234759278581,0,0,0,,2237,2185,52,0.0232454179704962,2237,2185,52,0.0232454179704962
mammography,303,sigmoid,11183,6,0.023249575248144506,5367,5242,125,0.0232904788522452,1342,1311,31,0.023099850968703428,2237,2185,52,0.0232454179704962,2237,2185,52,0.0232454179704962
mammography,303,isotonic,11183,6,0.023249575248144506,5367,5242,125,0.0232904788522452,1342,1311,31,0.023099850968703428,2237,2185,52,0.0232454179704962,2237,2185,52,0.0232454179704962
mammography,404,none,11183,6,0.023249575248144506,6709,6553,156,0.02325234759278581,0,0,0,,2237,2185,52,0.0232454179704962,2237,2185,52,0.0232454179704962
mammography,404,sigmoid,11183,6,0.023249575248144506,5367,5242,125,0.0232904788522452,1342,1311,31,0.023099850968703428,2237,2185,52,0.0232454179704962,2237,2185,52,0.0232454179704962
mammography,404,isotonic,11183,6,0.023249575248144506,5367,5242,125,0.0232904788522452,1342,1311,31,0.023099850968703428,2237,2185,52,0.0232454179704962,2237,2185,52,0.0232454179704962
mammography,505,none,11183,6,0.023249575248144506,6709,6553,156,0.02325234759278581,0,0,0,,2237,2185,52,0.0232454179704962,2237,2185,52,0.0232454179704962
mammography,505,sigmoid,11183,6,0.023249575248144506,5367,5242,125,0.0232904788522452,1342,1311,31,0.023099850968703428,2237,2185,52,0.0232454179704962,2237,2185,52,0.0232454179704962
mammography,505,isotonic,11183,6,0.023249575248144506,5367,5242,125,0.0232904788522452,1342,1311,31,0.023099850968703428,2237,2185,52,0.0232454179704962,2237,2185,52,0.0232454179704962
mammography,606,none,11183,6,0.023249575248144506,6709,6553,156,0.02325234759278581,0,0,0,,2237,2185,52,0.0232454179704962,2237,2185,52,0.0232454179704962
mammography,606,sigmoid,11183,6,0.023249575248144506,5367,5242,125,0.0232904788522452,1342,1311,31,0.023099850968703428,2237,2185,52,0.0232454179704962,2237,2185,52,0.0232454179704962
mammography,606,isotonic,11183,6,0.023249575248144506,5367,5242,125,0.0232904788522452,1342,1311,31,0.023099850968703428,2237,2185,52,0.0232454179704962,2237,2185,52,0.0232454179704962
sick_numeric,7,none,3772,29,0.0612407211028632,2263,2124,139,0.06142288996906761,0,0,0,,754,708,46,0.0610079575596817,755,709,46,0.060927152317880796
sick_numeric,7,sigmoid,3772,29,0.0612407211028632,1810,1699,111,0.06132596685082873,453,425,28,0.06181015452538632,754,708,46,0.0610079575596817,755,709,46,0.060927152317880796
sick_numeric,7,isotonic,3772,29,0.0612407211028632,1810,1699,111,0.06132596685082873,453,425,28,0.06181015452538632,754,708,46,0.0610079575596817,755,709,46,0.060927152317880796
sick_numeric,19,none,3772,29,0.0612407211028632,2263,2124,139,0.06142288996906761,0,0,0,,754,708,46,0.0610079575596817,755,709,46,0.060927152317880796
sick_numeric,19,sigmoid,3772,29,0.0612407211028632,1810,1699,111,0.06132596685082873,453,425,28,0.06181015452538632,754,708,46,0.0610079575596817,755,709,46,0.060927152317880796
sick_numeric,19,isotonic,3772,29,0.0612407211028632,1810,1699,111,0.06132596685082873,453,425,28,0.06181015452538632,754,708,46,0.0610079575596817,755,709,46,0.060927152317880796
sick_numeric,31,none,3772,29,0.0612407211028632,2263,2124,139,0.06142288996906761,0,0,0,,754,708,46,0.0610079575596817,755,709,46,0.060927152317880796
sick_numeric,31,sigmoid,3772,29,0.0612407211028632,1810,1699,111,0.06132596685082873,453,425,28,0.06181015452538632,754,708,46,0.0610079575596817,755,709,46,0.060927152317880796
sick_numeric,31,isotonic,3772,29,0.0612407211028632,1810,1699,111,0.06132596685082873,453,425,28,0.06181015452538632,754,708,46,0.0610079575596817,755,709,46,0.060927152317880796
sick_numeric,42,none,3772,29,0.0612407211028632,2263,2124,139,0.06142288996906761,0,0,0,,754,708,46,0.0610079575596817,755,709,46,0.060927152317880796
sick_numeric,42,sigmoid,3772,29,0.0612407211028632,1810,1699,111,0.06132596685082873,453,425,28,0.06181015452538632,754,708,46,0.0610079575596817,755,709,46,0.060927152317880796
sick_numeric,42,isotonic,3772,29,0.0612407211028632,1810,1699,111,0.06132596685082873,453,425,28,0.06181015452538632,754,708,46,0.0610079575596817,755,709,46,0.060927152317880796
sick_numeric,101,none,3772,29,0.0612407211028632,2263,2124,139,0.06142288996906761,0,0,0,,754,708,46,0.0610079575596817,755,709,46,0.060927152317880796
sick_numeric,101,sigmoid,3772,29,0.0612407211028632,1810,1699,111,0.06132596685082873,453,425,28,0.06181015452538632,754,708,46,0.0610079575596817,755,709,46,0.060927152317880796
sick_numeric,101,isotonic,3772,29,0.0612407211028632,1810,1699,111,0.06132596685082873,453,425,28,0.06181015452538632,754,708,46,0.0610079575596817,755,709,46,0.060927152317880796
sick_numeric,202,none,3772,29,0.0612407211028632,2263,2124,139,0.06142288996906761,0,0,0,,754,708,46,0.0610079575596817,755,709,46,0.060927152317880796
sick_numeric,202,sigmoid,3772,29,0.0612407211028632,1810,1699,111,0.06132596685082873,453,425,28,0.06181015452538632,754,708,46,0.0610079575596817,755,709,46,0.060927152317880796
sick_numeric,202,isotonic,3772,29,0.0612407211028632,1810,1699,111,0.06132596685082873,453,425,28,0.06181015452538632,754,708,46,0.0610079575596817,755,709,46,0.060927152317880796
sick_numeric,303,none,3772,29,0.0612407211028632,2263,2124,139,0.06142288996906761,0,0,0,,754,708,46,0.0610079575596817,755,709,46,0.060927152317880796
sick_numeric,303,sigmoid,3772,29,0.0612407211028632,1810,1699,111,0.06132596685082873,453,425,28,0.06181015452538632,754,708,46,0.0610079575596817,755,709,46,0.060927152317880796
sick_numeric,303,isotonic,3772,29,0.0612407211028632,1810,1699,111,0.06132596685082873,453,425,28,0.06181015452538632,754,708,46,0.0610079575596817,755,709,46,0.060927152317880796
sick_numeric,404,none,3772,29,0.0612407211028632,2263,2124,139,0.06142288996906761,0,0,0,,754,708,46,0.0610079575596817,755,709,46,0.060927152317880796
sick_numeric,404,sigmoid,3772,29,0.0612407211028632,1810,1699,111,0.06132596685082873,453,425,28,0.06181015452538632,754,708,46,0.0610079575596817,755,709,46,0.060927152317880796
sick_numeric,404,isotonic,3772,29,0.0612407211028632,1810,1699,111,0.06132596685082873,453,425,28,0.06181015452538632,754,708,46,0.0610079575596817,755,709,46,0.060927152317880796
sick_numeric,505,none,3772,29,0.0612407211028632,2263,2124,139,0.06142288996906761,0,0,0,,754,708,46,0.0610079575596817,755,709,46,0.060927152317880796
sick_numeric,505,sigmoid,3772,29,0.0612407211028632,1810,1699,111,0.06132596685082873,453,425,28,0.06181015452538632,754,708,46,0.0610079575596817,755,709,46,0.060927152317880796
sick_numeric,505,isotonic,3772,29,0.0612407211028632,1810,1699,111,0.06132596685082873,453,425,28,0.06181015452538632,754,708,46,0.0610079575596817,755,709,46,0.060927152317880796
sick_numeric,606,none,3772,29,0.0612407211028632,2263,2124,139,0.06142288996906761,0,0,0,,754,708,46,0.0610079575596817,755,709,46,0.060927152317880796
sick_numeric,606,sigmoid,3772,29,0.0612407211028632,1810,1699,111,0.06132596685082873,453,425,28,0.06181015452538632,754,708,46,0.0610079575596817,755,709,46,0.060927152317880796
sick_numeric,606,isotonic,3772,29,0.0612407211028632,1810,1699,111,0.06132596685082873,453,425,28,0.06181015452538632,754,708,46,0.0610079575596817,755,709,46,0.060927152317880796
wilt,7,none,4839,5,0.05393676379417235,2903,2746,157,0.054081984154323116,0,0,0,,968,916,52,0.05371900826446281,968,916,52,0.05371900826446281
wilt,7,sigmoid,4839,5,0.05393676379417235,2322,2196,126,0.05426356589147287,581,550,31,0.05335628227194492,968,916,52,0.05371900826446281,968,916,52,0.05371900826446281
wilt,7,isotonic,4839,5,0.05393676379417235,2322,2196,126,0.05426356589147287,581,550,31,0.05335628227194492,968,916,52,0.05371900826446281,968,916,52,0.05371900826446281
wilt,19,none,4839,5,0.05393676379417235,2903,2746,157,0.054081984154323116,0,0,0,,968,916,52,0.05371900826446281,968,916,52,0.05371900826446281
wilt,19,sigmoid,4839,5,0.05393676379417235,2322,2196,126,0.05426356589147287,581,550,31,0.05335628227194492,968,916,52,0.05371900826446281,968,916,52,0.05371900826446281
wilt,19,isotonic,4839,5,0.05393676379417235,2322,2196,126,0.05426356589147287,581,550,31,0.05335628227194492,968,916,52,0.05371900826446281,968,916,52,0.05371900826446281
wilt,31,none,4839,5,0.05393676379417235,2903,2746,157,0.054081984154323116,0,0,0,,968,916,52,0.05371900826446281,968,916,52,0.05371900826446281
wilt,31,sigmoid,4839,5,0.05393676379417235,2322,2196,126,0.05426356589147287,581,550,31,0.05335628227194492,968,916,52,0.05371900826446281,968,916,52,0.05371900826446281
wilt,31,isotonic,4839,5,0.05393676379417235,2322,2196,126,0.05426356589147287,581,550,31,0.05335628227194492,968,916,52,0.05371900826446281,968,916,52,0.05371900826446281
wilt,42,none,4839,5,0.05393676379417235,2903,2746,157,0.054081984154323116,0,0,0,,968,916,52,0.05371900826446281,968,916,52,0.05371900826446281
wilt,42,sigmoid,4839,5,0.05393676379417235,2322,2196,126,0.05426356589147287,581,550,31,0.05335628227194492,968,916,52,0.05371900826446281,968,916,52,0.05371900826446281
wilt,42,isotonic,4839,5,0.05393676379417235,2322,2196,126,0.05426356589147287,581,550,31,0.05335628227194492,968,916,52,0.05371900826446281,968,916,52,0.05371900826446281
wilt,101,none,4839,5,0.05393676379417235,2903,2746,157,0.054081984154323116,0,0,0,,968,916,52,0.05371900826446281,968,916,52,0.05371900826446281
wilt,101,sigmoid,4839,5,0.05393676379417235,2322,2196,126,0.05426356589147287,581,550,31,0.05335628227194492,968,916,52,0.05371900826446281,968,916,52,0.05371900826446281
wilt,101,isotonic,4839,5,0.05393676379417235,2322,2196,126,0.05426356589147287,581,550,31,0.05335628227194492,968,916,52,0.05371900826446281,968,916,52,0.05371900826446281
wilt,202,none,4839,5,0.05393676379417235,2903,2746,157,0.054081984154323116,0,0,0,,968,916,52,0.05371900826446281,968,916,52,0.05371900826446281
wilt,202,sigmoid,4839,5,0.05393676379417235,2322,2196,126,0.05426356589147287,581,550,31,0.05335628227194492,968,916,52,0.05371900826446281,968,916,52,0.05371900826446281
wilt,202,isotonic,4839,5,0.05393676379417235,2322,2196,126,0.05426356589147287,581,550,31,0.05335628227194492,968,916,52,0.05371900826446281,968,916,52,0.05371900826446281
wilt,303,none,4839,5,0.05393676379417235,2903,2746,157,0.054081984154323116,0,0,0,,968,916,52,0.05371900826446281,968,916,52,0.05371900826446281
wilt,303,sigmoid,4839,5,0.05393676379417235,2322,2196,126,0.05426356589147287,581,550,31,0.05335628227194492,968,916,52,0.05371900826446281,968,916,52,0.05371900826446281
wilt,303,isotonic,4839,5,0.05393676379417235,2322,2196,126,0.05426356589147287,581,550,31,0.05335628227194492,968,916,52,0.05371900826446281,968,916,52,0.05371900826446281
wilt,404,none,4839,5,0.05393676379417235,2903,2746,157,0.054081984154323116,0,0,0,,968,916,52,0.05371900826446281,968,916,52,0.05371900826446281
wilt,404,sigmoid,4839,5,0.05393676379417235,2322,2196,126,0.05426356589147287,581,550,31,0.05335628227194492,968,916,52,0.05371900826446281,968,916,52,0.05371900826446281
wilt,404,isotonic,4839,5,0.05393676379417235,2322,2196,126,0.05426356589147287,581,550,31,0.05335628227194492,968,916,52,0.05371900826446281,968,916,52,0.05371900826446281
wilt,505,none,4839,5,0.05393676379417235,2903,2746,157,0.054081984154323116,0,0,0,,968,916,52,0.05371900826446281,968,916,52,0.05371900826446281
wilt,505,sigmoid,4839,5,0.05393676379417235,2322,2196,126,0.05426356589147287,581,550,31,0.05335628227194492,968,916,52,0.05371900826446281,968,916,52,0.05371900826446281
wilt,505,isotonic,4839,5,0.05393676379417235,2322,2196,126,0.05426356589147287,581,550,31,0.05335628227194492,968,916,52,0.05371900826446281,968,916,52,0.05371900826446281
wilt,606,none,4839,5,0.05393676379417235,2903,2746,157,0.054081984154323116,0,0,0,,968,916,52,0.05371900826446281,968,916,52,0.05371900826446281
wilt,606,sigmoid,4839,5,0.05393676379417235,2322,2196,126,0.05426356589147287,581,550,31,0.05335628227194492,968,916,52,0.05371900826446281,968,916,52,0.05371900826446281
wilt,606,isotonic,4839,5,0.05393676379417235,2322,2196,126,0.05426356589147287,581,550,31,0.05335628227194492,968,916,52,0.05371900826446281,968,916,52,0.05371900826446281
ozone_level_8hr,7,none,2534,72,0.06314127861089187,1520,1424,96,0.06315789473684211,0,0,0,,507,475,32,0.0631163708086785,507,475,32,0.0631163708086785
ozone_level_8hr,7,sigmoid,2534,72,0.06314127861089187,1216,1139,77,0.06332236842105263,304,285,19,0.0625,507,475,32,0.0631163708086785,507,475,32,0.0631163708086785
ozone_level_8hr,7,isotonic,2534,72,0.06314127861089187,1216,1139,77,0.06332236842105263,304,285,19,0.0625,507,475,32,0.0631163708086785,507,475,32,0.0631163708086785
ozone_level_8hr,19,none,2534,72,0.06314127861089187,1520,1424,96,0.06315789473684211,0,0,0,,507,475,32,0.0631163708086785,507,475,32,0.0631163708086785
ozone_level_8hr,19,sigmoid,2534,72,0.06314127861089187,1216,1139,77,0.06332236842105263,304,285,19,0.0625,507,475,32,0.0631163708086785,507,475,32,0.0631163708086785
ozone_level_8hr,19,isotonic,2534,72,0.06314127861089187,1216,1139,77,0.06332236842105263,304,285,19,0.0625,507,475,32,0.0631163708086785,507,475,32,0.0631163708086785
ozone_level_8hr,31,none,2534,72,0.06314127861089187,1520,1424,96,0.06315789473684211,0,0,0,,507,475,32,0.0631163708086785,507,475,32,0.0631163708086785
ozone_level_8hr,31,sigmoid,2534,72,0.06314127861089187,1216,1139,77,0.06332236842105263,304,285,19,0.0625,507,475,32,0.0631163708086785,507,475,32,0.0631163708086785
ozone_level_8hr,31,isotonic,2534,72,0.06314127861089187,1216,1139,77,0.06332236842105263,304,285,19,0.0625,507,475,32,0.0631163708086785,507,475,32,0.0631163708086785
ozone_level_8hr,42,none,2534,72,0.06314127861089187,1520,1424,96,0.06315789473684211,0,0,0,,507,475,32,0.0631163708086785,507,475,32,0.0631163708086785
ozone_level_8hr,42,sigmoid,2534,72,0.06314127861089187,1216,1139,77,0.06332236842105263,304,285,19,0.0625,507,475,32,0.0631163708086785,507,475,32,0.0631163708086785
ozone_level_8hr,42,isotonic,2534,72,0.06314127861089187,1216,1139,77,0.06332236842105263,304,285,19,0.0625,507,475,32,0.0631163708086785,507,475,32,0.0631163708086785
ozone_level_8hr,101,none,2534,72,0.06314127861089187,1520,1424,96,0.06315789473684211,0,0,0,,507,475,32,0.0631163708086785,507,475,32,0.0631163708086785
ozone_level_8hr,101,sigmoid,2534,72,0.06314127861089187,1216,1139,77,0.06332236842105263,304,285,19,0.0625,507,475,32,0.0631163708086785,507,475,32,0.0631163708086785
ozone_level_8hr,101,isotonic,2534,72,0.06314127861089187,1216,1139,77,0.06332236842105263,304,285,19,0.0625,507,475,32,0.0631163708086785,507,475,32,0.0631163708086785
ozone_level_8hr,202,none,2534,72,0.06314127861089187,1520,1424,96,0.06315789473684211,0,0,0,,507,475,32,0.0631163708086785,507,475,32,0.0631163708086785
ozone_level_8hr,202,sigmoid,2534,72,0.06314127861089187,1216,1139,77,0.06332236842105263,304,285,19,0.0625,507,475,32,0.0631163708086785,507,475,32,0.0631163708086785
ozone_level_8hr,202,isotonic,2534,72,0.06314127861089187,1216,1139,77,0.06332236842105263,304,285,19,0.0625,507,475,32,0.0631163708086785,507,475,32,0.0631163708086785
ozone_level_8hr,303,none,2534,72,0.06314127861089187,1520,1424,96,0.06315789473684211,0,0,0,,507,475,32,0.0631163708086785,507,475,32,0.0631163708086785
ozone_level_8hr,303,sigmoid,2534,72,0.06314127861089187,1216,1139,77,0.06332236842105263,304,285,19,0.0625,507,475,32,0.0631163708086785,507,475,32,0.0631163708086785
ozone_level_8hr,303,isotonic,2534,72,0.06314127861089187,1216,1139,77,0.06332236842105263,304,285,19,0.0625,507,475,32,0.0631163708086785,507,475,32,0.0631163708086785
ozone_level_8hr,404,none,2534,72,0.06314127861089187,1520,1424,96,0.06315789473684211,0,0,0,,507,475,32,0.0631163708086785,507,475,32,0.0631163708086785
ozone_level_8hr,404,sigmoid,2534,72,0.06314127861089187,1216,1139,77,0.06332236842105263,304,285,19,0.0625,507,475,32,0.0631163708086785,507,475,32,0.0631163708086785
ozone_level_8hr,404,isotonic,2534,72,0.06314127861089187,1216,1139,77,0.06332236842105263,304,285,19,0.0625,507,475,32,0.0631163708086785,507,475,32,0.0631163708086785
ozone_level_8hr,505,none,2534,72,0.06314127861089187,1520,1424,96,0.06315789473684211,0,0,0,,507,475,32,0.0631163708086785,507,475,32,0.0631163708086785
ozone_level_8hr,505,sigmoid,2534,72,0.06314127861089187,1216,1139,77,0.06332236842105263,304,285,19,0.0625,507,475,32,0.0631163708086785,507,475,32,0.0631163708086785
ozone_level_8hr,505,isotonic,2534,72,0.06314127861089187,1216,1139,77,0.06332236842105263,304,285,19,0.0625,507,475,32,0.0631163708086785,507,475,32,0.0631163708086785
ozone_level_8hr,606,none,2534,72,0.06314127861089187,1520,1424,96,0.06315789473684211,0,0,0,,507,475,32,0.0631163708086785,507,475,32,0.0631163708086785
ozone_level_8hr,606,sigmoid,2534,72,0.06314127861089187,1216,1139,77,0.06332236842105263,304,285,19,0.0625,507,475,32,0.0631163708086785,507,475,32,0.0631163708086785
ozone_level_8hr,606,isotonic,2534,72,0.06314127861089187,1216,1139,77,0.06332236842105263,304,285,19,0.0625,507,475,32,0.0631163708086785,507,475,32,0.0631163708086785
seismic_bumps,7,none,2584,18,0.06578947368421052,1550,1448,102,0.06580645161290323,0,0,0,,517,483,34,0.06576402321083172,517,483,34,0.06576402321083172
seismic_bumps,7,sigmoid,2584,18,0.06578947368421052,1240,1158,82,0.06612903225806452,310,290,20,0.06451612903225806,517,483,34,0.06576402321083172,517,483,34,0.06576402321083172
seismic_bumps,7,isotonic,2584,18,0.06578947368421052,1240,1158,82,0.06612903225806452,310,290,20,0.06451612903225806,517,483,34,0.06576402321083172,517,483,34,0.06576402321083172
seismic_bumps,19,none,2584,18,0.06578947368421052,1550,1448,102,0.06580645161290323,0,0,0,,517,483,34,0.06576402321083172,517,483,34,0.06576402321083172
seismic_bumps,19,sigmoid,2584,18,0.06578947368421052,1240,1158,82,0.06612903225806452,310,290,20,0.06451612903225806,517,483,34,0.06576402321083172,517,483,34,0.06576402321083172
seismic_bumps,19,isotonic,2584,18,0.06578947368421052,1240,1158,82,0.06612903225806452,310,290,20,0.06451612903225806,517,483,34,0.06576402321083172,517,483,34,0.06576402321083172
seismic_bumps,31,none,2584,18,0.06578947368421052,1550,1448,102,0.06580645161290323,0,0,0,,517,483,34,0.06576402321083172,517,483,34,0.06576402321083172
seismic_bumps,31,sigmoid,2584,18,0.06578947368421052,1240,1158,82,0.06612903225806452,310,290,20,0.06451612903225806,517,483,34,0.06576402321083172,517,483,34,0.06576402321083172
seismic_bumps,31,isotonic,2584,18,0.06578947368421052,1240,1158,82,0.06612903225806452,310,290,20,0.06451612903225806,517,483,34,0.06576402321083172,517,483,34,0.06576402321083172
seismic_bumps,42,none,2584,18,0.06578947368421052,1550,1448,102,0.06580645161290323,0,0,0,,517,483,34,0.06576402321083172,517,483,34,0.06576402321083172
seismic_bumps,42,sigmoid,2584,18,0.06578947368421052,1240,1158,82,0.06612903225806452,310,290,20,0.06451612903225806,517,483,34,0.06576402321083172,517,483,34,0.06576402321083172
seismic_bumps,42,isotonic,2584,18,0.06578947368421052,1240,1158,82,0.06612903225806452,310,290,20,0.06451612903225806,517,483,34,0.06576402321083172,517,483,34,0.06576402321083172
seismic_bumps,101,none,2584,18,0.06578947368421052,1550,1448,102,0.06580645161290323,0,0,0,,517,483,34,0.06576402321083172,517,483,34,0.06576402321083172
seismic_bumps,101,sigmoid,2584,18,0.06578947368421052,1240,1158,82,0.06612903225806452,310,290,20,0.06451612903225806,517,483,34,0.06576402321083172,517,483,34,0.06576402321083172
seismic_bumps,101,isotonic,2584,18,0.06578947368421052,1240,1158,82,0.06612903225806452,310,290,20,0.06451612903225806,517,483,34,0.06576402321083172,517,483,34,0.06576402321083172
seismic_bumps,202,none,2584,18,0.06578947368421052,1550,1448,102,0.06580645161290323,0,0,0,,517,483,34,0.06576402321083172,517,483,34,0.06576402321083172
seismic_bumps,202,sigmoid,2584,18,0.06578947368421052,1240,1158,82,0.06612903225806452,310,290,20,0.06451612903225806,517,483,34,0.06576402321083172,517,483,34,0.06576402321083172
seismic_bumps,202,isotonic,2584,18,0.06578947368421052,1240,1158,82,0.06612903225806452,310,290,20,0.06451612903225806,517,483,34,0.06576402321083172,517,483,34,0.06576402321083172
seismic_bumps,303,none,2584,18,0.06578947368421052,1550,1448,102,0.06580645161290323,0,0,0,,517,483,34,0.06576402321083172,517,483,34,0.06576402321083172
seismic_bumps,303,sigmoid,2584,18,0.06578947368421052,1240,1158,82,0.06612903225806452,310,290,20,0.06451612903225806,517,483,34,0.06576402321083172,517,483,34,0.06576402321083172
seismic_bumps,303,isotonic,2584,18,0.06578947368421052,1240,1158,82,0.06612903225806452,310,290,20,0.06451612903225806,517,483,34,0.06576402321083172,517,483,34,0.06576402321083172
seismic_bumps,404,none,2584,18,0.06578947368421052,1550,1448,102,0.06580645161290323,0,0,0,,517,483,34,0.06576402321083172,517,483,34,0.06576402321083172
seismic_bumps,404,sigmoid,2584,18,0.06578947368421052,1240,1158,82,0.06612903225806452,310,290,20,0.06451612903225806,517,483,34,0.06576402321083172,517,483,34,0.06576402321083172
seismic_bumps,404,isotonic,2584,18,0.06578947368421052,1240,1158,82,0.06612903225806452,310,290,20,0.06451612903225806,517,483,34,0.06576402321083172,517,483,34,0.06576402321083172
seismic_bumps,505,none,2584,18,0.06578947368421052,1550,1448,102,0.06580645161290323,0,0,0,,517,483,34,0.06576402321083172,517,483,34,0.06576402321083172
seismic_bumps,505,sigmoid,2584,18,0.06578947368421052,1240,1158,82,0.06612903225806452,310,290,20,0.06451612903225806,517,483,34,0.06576402321083172,517,483,34,0.06576402321083172
seismic_bumps,505,isotonic,2584,18,0.06578947368421052,1240,1158,82,0.06612903225806452,310,290,20,0.06451612903225806,517,483,34,0.06576402321083172,517,483,34,0.06576402321083172
seismic_bumps,606,none,2584,18,0.06578947368421052,1550,1448,102,0.06580645161290323,0,0,0,,517,483,34,0.06576402321083172,517,483,34,0.06576402321083172
seismic_bumps,606,sigmoid,2584,18,0.06578947368421052,1240,1158,82,0.06612903225806452,310,290,20,0.06451612903225806,517,483,34,0.06576402321083172,517,483,34,0.06576402321083172
seismic_bumps,606,isotonic,2584,18,0.06578947368421052,1240,1158,82,0.06612903225806452,310,290,20,0.06451612903225806,517,483,34,0.06576402321083172,517,483,34,0.06576402321083172
pc1,7,none,1109,21,0.06943192064923355,665,619,46,0.06917293233082707,0,0,0,,222,207,15,0.06756756756756757,222,206,16,0.07207207207207207
pc1,7,sigmoid,1109,21,0.06943192064923355,532,495,37,0.06954887218045112,133,124,9,0.06766917293233082,222,207,15,0.06756756756756757,222,206,16,0.07207207207207207
pc1,7,isotonic,1109,21,0.06943192064923355,532,495,37,0.06954887218045112,133,124,9,0.06766917293233082,222,207,15,0.06756756756756757,222,206,16,0.07207207207207207
pc1,19,none,1109,21,0.06943192064923355,665,619,46,0.06917293233082707,0,0,0,,222,207,15,0.06756756756756757,222,206,16,0.07207207207207207
pc1,19,sigmoid,1109,21,0.06943192064923355,532,495,37,0.06954887218045112,133,124,9,0.06766917293233082,222,207,15,0.06756756756756757,222,206,16,0.07207207207207207
pc1,19,isotonic,1109,21,0.06943192064923355,532,495,37,0.06954887218045112,133,124,9,0.06766917293233082,222,207,15,0.06756756756756757,222,206,16,0.07207207207207207
pc1,31,none,1109,21,0.06943192064923355,665,619,46,0.06917293233082707,0,0,0,,222,207,15,0.06756756756756757,222,206,16,0.07207207207207207
pc1,31,sigmoid,1109,21,0.06943192064923355,532,495,37,0.06954887218045112,133,124,9,0.06766917293233082,222,207,15,0.06756756756756757,222,206,16,0.07207207207207207
pc1,31,isotonic,1109,21,0.06943192064923355,532,495,37,0.06954887218045112,133,124,9,0.06766917293233082,222,207,15,0.06756756756756757,222,206,16,0.07207207207207207
pc1,42,none,1109,21,0.06943192064923355,665,619,46,0.06917293233082707,0,0,0,,222,207,15,0.06756756756756757,222,206,16,0.07207207207207207
pc1,42,sigmoid,1109,21,0.06943192064923355,532,495,37,0.06954887218045112,133,124,9,0.06766917293233082,222,207,15,0.06756756756756757,222,206,16,0.07207207207207207
pc1,42,isotonic,1109,21,0.06943192064923355,532,495,37,0.06954887218045112,133,124,9,0.06766917293233082,222,207,15,0.06756756756756757,222,206,16,0.07207207207207207
pc1,101,none,1109,21,0.06943192064923355,665,619,46,0.06917293233082707,0,0,0,,222,207,15,0.06756756756756757,222,206,16,0.07207207207207207
pc1,101,sigmoid,1109,21,0.06943192064923355,532,495,37,0.06954887218045112,133,124,9,0.06766917293233082,222,207,15,0.06756756756756757,222,206,16,0.07207207207207207
pc1,101,isotonic,1109,21,0.06943192064923355,532,495,37,0.06954887218045112,133,124,9,0.06766917293233082,222,207,15,0.06756756756756757,222,206,16,0.07207207207207207
pc1,202,none,1109,21,0.06943192064923355,665,619,46,0.06917293233082707,0,0,0,,222,207,15,0.06756756756756757,222,206,16,0.07207207207207207
pc1,202,sigmoid,1109,21,0.06943192064923355,532,495,37,0.06954887218045112,133,124,9,0.06766917293233082,222,207,15,0.06756756756756757,222,206,16,0.07207207207207207
pc1,202,isotonic,1109,21,0.06943192064923355,532,495,37,0.06954887218045112,133,124,9,0.06766917293233082,222,207,15,0.06756756756756757,222,206,16,0.07207207207207207
pc1,303,none,1109,21,0.06943192064923355,665,619,46,0.06917293233082707,0,0,0,,222,207,15,0.06756756756756757,222,206,16,0.07207207207207207
pc1,303,sigmoid,1109,21,0.06943192064923355,532,495,37,0.06954887218045112,133,124,9,0.06766917293233082,222,207,15,0.06756756756756757,222,206,16,0.07207207207207207
pc1,303,isotonic,1109,21,0.06943192064923355,532,495,37,0.06954887218045112,133,124,9,0.06766917293233082,222,207,15,0.06756756756756757,222,206,16,0.07207207207207207
pc1,404,none,1109,21,0.06943192064923355,665,619,46,0.06917293233082707,0,0,0,,222,207,15,0.06756756756756757,222,206,16,0.07207207207207207
pc1,404,sigmoid,1109,21,0.06943192064923355,532,495,37,0.06954887218045112,133,124,9,0.06766917293233082,222,207,15,0.06756756756756757,222,206,16,0.07207207207207207
pc1,404,isotonic,1109,21,0.06943192064923355,532,495,37,0.06954887218045112,133,124,9,0.06766917293233082,222,207,15,0.06756756756756757,222,206,16,0.07207207207207207
pc1,505,none,1109,21,0.06943192064923355,665,619,46,0.06917293233082707,0,0,0,,222,207,15,0.06756756756756757,222,206,16,0.07207207207207207
pc1,505,sigmoid,1109,21,0.06943192064923355,532,495,37,0.06954887218045112,133,124,9,0.06766917293233082,222,207,15,0.06756756756756757,222,206,16,0.07207207207207207
pc1,505,isotonic,1109,21,0.06943192064923355,532,495,37,0.06954887218045112,133,124,9,0.06766917293233082,222,207,15,0.06756756756756757,222,206,16,0.07207207207207207
pc1,606,none,1109,21,0.06943192064923355,665,619,46,0.06917293233082707,0,0,0,,222,207,15,0.06756756756756757,222,206,16,0.07207207207207207
pc1,606,sigmoid,1109,21,0.06943192064923355,532,495,37,0.06954887218045112,133,124,9,0.06766917293233082,222,207,15,0.06756756756756757,222,206,16,0.07207207207207207
pc1,606,isotonic,1109,21,0.06943192064923355,532,495,37,0.06954887218045112,133,124,9,0.06766917293233082,222,207,15,0.06756756756756757,222,206,16,0.07207207207207207
oil_spill,7,none,937,49,0.04375667022411953,562,537,25,0.04448398576512456,0,0,0,,187,179,8,0.0427807486631016,188,180,8,0.0425531914893617
oil_spill,7,sigmoid,937,49,0.04375667022411953,449,429,20,0.044543429844097995,113,108,5,0.04424778761061947,187,179,8,0.0427807486631016,188,180,8,0.0425531914893617
oil_spill,7,isotonic,937,49,0.04375667022411953,449,429,20,0.044543429844097995,113,108,5,0.04424778761061947,187,179,8,0.0427807486631016,188,180,8,0.0425531914893617
oil_spill,19,none,937,49,0.04375667022411953,562,537,25,0.04448398576512456,0,0,0,,187,179,8,0.0427807486631016,188,180,8,0.0425531914893617
oil_spill,19,sigmoid,937,49,0.04375667022411953,449,429,20,0.044543429844097995,113,108,5,0.04424778761061947,187,179,8,0.0427807486631016,188,180,8,0.0425531914893617
oil_spill,19,isotonic,937,49,0.04375667022411953,449,429,20,0.044543429844097995,113,108,5,0.04424778761061947,187,179,8,0.0427807486631016,188,180,8,0.0425531914893617
oil_spill,31,none,937,49,0.04375667022411953,562,537,25,0.04448398576512456,0,0,0,,187,179,8,0.0427807486631016,188,180,8,0.0425531914893617
oil_spill,31,sigmoid,937,49,0.04375667022411953,449,429,20,0.044543429844097995,113,108,5,0.04424778761061947,187,179,8,0.0427807486631016,188,180,8,0.0425531914893617
oil_spill,31,isotonic,937,49,0.04375667022411953,449,429,20,0.044543429844097995,113,108,5,0.04424778761061947,187,179,8,0.0427807486631016,188,180,8,0.0425531914893617
oil_spill,42,none,937,49,0.04375667022411953,562,537,25,0.04448398576512456,0,0,0,,187,179,8,0.0427807486631016,188,180,8,0.0425531914893617
oil_spill,42,sigmoid,937,49,0.04375667022411953,449,429,20,0.044543429844097995,113,108,5,0.04424778761061947,187,179,8,0.0427807486631016,188,180,8,0.0425531914893617
oil_spill,42,isotonic,937,49,0.04375667022411953,449,429,20,0.044543429844097995,113,108,5,0.04424778761061947,187,179,8,0.0427807486631016,188,180,8,0.0425531914893617
oil_spill,101,none,937,49,0.04375667022411953,562,537,25,0.04448398576512456,0,0,0,,187,179,8,0.0427807486631016,188,180,8,0.0425531914893617
oil_spill,101,sigmoid,937,49,0.04375667022411953,449,429,20,0.044543429844097995,113,108,5,0.04424778761061947,187,179,8,0.0427807486631016,188,180,8,0.0425531914893617
oil_spill,101,isotonic,937,49,0.04375667022411953,449,429,20,0.044543429844097995,113,108,5,0.04424778761061947,187,179,8,0.0427807486631016,188,180,8,0.0425531914893617
oil_spill,202,none,937,49,0.04375667022411953,562,537,25,0.04448398576512456,0,0,0,,187,179,8,0.0427807486631016,188,180,8,0.0425531914893617
oil_spill,202,sigmoid,937,49,0.04375667022411953,449,429,20,0.044543429844097995,113,108,5,0.04424778761061947,187,179,8,0.0427807486631016,188,180,8,0.0425531914893617
oil_spill,202,isotonic,937,49,0.04375667022411953,449,429,20,0.044543429844097995,113,108,5,0.04424778761061947,187,179,8,0.0427807486631016,188,180,8,0.0425531914893617
oil_spill,303,none,937,49,0.04375667022411953,562,537,25,0.04448398576512456,0,0,0,,187,179,8,0.0427807486631016,188,180,8,0.0425531914893617
oil_spill,303,sigmoid,937,49,0.04375667022411953,449,429,20,0.044543429844097995,113,108,5,0.04424778761061947,187,179,8,0.0427807486631016,188,180,8,0.0425531914893617
oil_spill,303,isotonic,937,49,0.04375667022411953,449,429,20,0.044543429844097995,113,108,5,0.04424778761061947,187,179,8,0.0427807486631016,188,180,8,0.0425531914893617
oil_spill,404,none,937,49,0.04375667022411953,562,537,25,0.04448398576512456,0,0,0,,187,179,8,0.0427807486631016,188,180,8,0.0425531914893617
oil_spill,404,sigmoid,937,49,0.04375667022411953,449,429,20,0.044543429844097995,113,108,5,0.04424778761061947,187,179,8,0.0427807486631016,188,180,8,0.0425531914893617
oil_spill,404,isotonic,937,49,0.04375667022411953,449,429,20,0.044543429844097995,113,108,5,0.04424778761061947,187,179,8,0.0427807486631016,188,180,8,0.0425531914893617
oil_spill,505,none,937,49,0.04375667022411953,562,537,25,0.04448398576512456,0,0,0,,187,179,8,0.0427807486631016,188,180,8,0.0425531914893617
oil_spill,505,sigmoid,937,49,0.04375667022411953,449,429,20,0.044543429844097995,113,108,5,0.04424778761061947,187,179,8,0.0427807486631016,188,180,8,0.0425531914893617
oil_spill,505,isotonic,937,49,0.04375667022411953,449,429,20,0.044543429844097995,113,108,5,0.04424778761061947,187,179,8,0.0427807486631016,188,180,8,0.0425531914893617
oil_spill,606,none,937,49,0.04375667022411953,562,537,25,0.04448398576512456,0,0,0,,187,179,8,0.0427807486631016,188,180,8,0.0425531914893617
oil_spill,606,sigmoid,937,49,0.04375667022411953,449,429,20,0.044543429844097995,113,108,5,0.04424778761061947,187,179,8,0.0427807486631016,188,180,8,0.0425531914893617
oil_spill,606,isotonic,937,49,0.04375667022411953,449,429,20,0.044543429844097995,113,108,5,0.04424778761061947,187,179,8,0.0427807486631016,188,180,8,0.0425531914893617
credit_g,7,none,1000,20,0.3,600,420,180,0.3,0,0,0,,200,140,60,0.3,200,140,60,0.3
credit_g,7,sigmoid,1000,20,0.3,480,336,144,0.3,120,84,36,0.3,200,140,60,0.3,200,140,60,0.3
credit_g,7,isotonic,1000,20,0.3,480,336,144,0.3,120,84,36,0.3,200,140,60,0.3,200,140,60,0.3
credit_g,19,none,1000,20,0.3,600,420,180,0.3,0,0,0,,200,140,60,0.3,200,140,60,0.3
credit_g,19,sigmoid,1000,20,0.3,480,336,144,0.3,120,84,36,0.3,200,140,60,0.3,200,140,60,0.3
credit_g,19,isotonic,1000,20,0.3,480,336,144,0.3,120,84,36,0.3,200,140,60,0.3,200,140,60,0.3
credit_g,31,none,1000,20,0.3,600,420,180,0.3,0,0,0,,200,140,60,0.3,200,140,60,0.3
credit_g,31,sigmoid,1000,20,0.3,480,336,144,0.3,120,84,36,0.3,200,140,60,0.3,200,140,60,0.3
credit_g,31,isotonic,1000,20,0.3,480,336,144,0.3,120,84,36,0.3,200,140,60,0.3,200,140,60,0.3
credit_g,42,none,1000,20,0.3,600,420,180,0.3,0,0,0,,200,140,60,0.3,200,140,60,0.3
credit_g,42,sigmoid,1000,20,0.3,480,336,144,0.3,120,84,36,0.3,200,140,60,0.3,200,140,60,0.3
credit_g,42,isotonic,1000,20,0.3,480,336,144,0.3,120,84,36,0.3,200,140,60,0.3,200,140,60,0.3
credit_g,101,none,1000,20,0.3,600,420,180,0.3,0,0,0,,200,140,60,0.3,200,140,60,0.3
credit_g,101,sigmoid,1000,20,0.3,480,336,144,0.3,120,84,36,0.3,200,140,60,0.3,200,140,60,0.3
credit_g,101,isotonic,1000,20,0.3,480,336,144,0.3,120,84,36,0.3,200,140,60,0.3,200,140,60,0.3
credit_g,202,none,1000,20,0.3,600,420,180,0.3,0,0,0,,200,140,60,0.3,200,140,60,0.3
credit_g,202,sigmoid,1000,20,0.3,480,336,144,0.3,120,84,36,0.3,200,140,60,0.3,200,140,60,0.3
credit_g,202,isotonic,1000,20,0.3,480,336,144,0.3,120,84,36,0.3,200,140,60,0.3,200,140,60,0.3
credit_g,303,none,1000,20,0.3,600,420,180,0.3,0,0,0,,200,140,60,0.3,200,140,60,0.3
credit_g,303,sigmoid,1000,20,0.3,480,336,144,0.3,120,84,36,0.3,200,140,60,0.3,200,140,60,0.3
credit_g,303,isotonic,1000,20,0.3,480,336,144,0.3,120,84,36,0.3,200,140,60,0.3,200,140,60,0.3
credit_g,404,none,1000,20,0.3,600,420,180,0.3,0,0,0,,200,140,60,0.3,200,140,60,0.3
credit_g,404,sigmoid,1000,20,0.3,480,336,144,0.3,120,84,36,0.3,200,140,60,0.3,200,140,60,0.3
credit_g,404,isotonic,1000,20,0.3,480,336,144,0.3,120,84,36,0.3,200,140,60,0.3,200,140,60,0.3
credit_g,505,none,1000,20,0.3,600,420,180,0.3,0,0,0,,200,140,60,0.3,200,140,60,0.3
credit_g,505,sigmoid,1000,20,0.3,480,336,144,0.3,120,84,36,0.3,200,140,60,0.3,200,140,60,0.3
credit_g,505,isotonic,1000,20,0.3,480,336,144,0.3,120,84,36,0.3,200,140,60,0.3,200,140,60,0.3
credit_g,606,none,1000,20,0.3,600,420,180,0.3,0,0,0,,200,140,60,0.3,200,140,60,0.3
credit_g,606,sigmoid,1000,20,0.3,480,336,144,0.3,120,84,36,0.3,200,140,60,0.3,200,140,60,0.3
credit_g,606,isotonic,1000,20,0.3,480,336,144,0.3,120,84,36,0.3,200,140,60,0.3,200,140,60,0.3
