dataset,model,probability_calibration,marginal_minority_coverage,mondrian_minority_coverage,coverage_gain,mondrian_abstention,mondrian_cost,break_even_defer_cost,failure_mode
miniboone,gnb,isotonic,0.9993424657534247,0.9993424657534247,0.0,0.9945104370891477,0.0018452312305385766,0.7180075917464883,high_abstention
miniboone,gnb,sigmoid,0.9993424657534247,0.9993424657534247,0.0,0.9945104370891477,0.0018452312305385766,0.7193063834063904,high_abstention
miniboone,gnb,none,1.0,0.9993150684931507,-0.00068493150684934,0.9944796832353054,0.001922115865144351,0.7180066023951077,high_abstention
fraud,gb,none,0.407070707070707,1.0,0.592929292929293,0.9881482391769951,0.01094764931006636,0.0,high_abstention
fraud,hgb,isotonic,0.0,1.0,1.0,0.9778677012745339,0.02083494259330782,0.0,high_abstention
fraud,gb,isotonic,0.06060606060606061,1.0,0.9393939393939394,0.9700203644534954,0.028942101752045223,0.0,high_abstention
fraud,gb,sigmoid,0.0,0.9747474747474747,0.9747474747474747,0.9613760050560021,0.0378410168182297,0.0,high_abstention
diabetes130us,gnb,none,0.999955985915493,0.974911971830986,-0.02504401408450696,0.9370541416920506,0.04648226392846615,0.898258252590076,high_abstention
ozone_level_8hr,gnb,isotonic,0.0,0.990625,0.990625,0.9216962524654833,0.027218934911242602,0.4363364005991868,high_abstention
diabetes130us,gnb,isotonic,0.6480633802816901,0.9678257042253522,0.3197623239436621,0.9077969932200061,0.0659477252628476,0.876626996368517,high_abstention
diabetes130us,gnb,sigmoid,0.6429137323943662,0.9591549295774648,0.3162411971830986,0.9030018669548984,0.07915888768792376,0.8961408510476232,high_abstention
seismic_bumps,et,isotonic,0.011764705882352941,0.9882352941176471,0.9764705882352942,0.8727272727272727,0.06054158607350098,0.4465868794326241,high_abstention
seismic_bumps,logreg,isotonic,0.0029411764705882353,0.9911764705882353,0.9882352941176471,0.8725338491295938,0.06711798839458415,0.43959210818000444,high_abstention
seismic_bumps,gnb,isotonic,0.0029411764705882353,0.9794117647058824,0.9764705882352942,0.8557059961315281,0.07369439071566732,0.4380650994575045,high_abstention
pc1,gnb,isotonic,0.025,0.975,0.95,0.8387387387387386,0.06486486486486487,0.5827067669172933,high_abstention
seismic_bumps,hgb,isotonic,0.026470588235294117,0.9705882352941178,0.9441176470588236,0.8382978723404255,0.07214700193423597,0.5239963082602677,high_abstention
ozone_level_8hr,gnb,sigmoid,0.0,0.978125,0.978125,0.8364891518737674,0.052662721893491124,0.41711860410280593,high_abstention
seismic_bumps,ada,isotonic,0.011764705882352941,0.9764705882352942,0.9647058823529413,0.8187620889748549,0.06653771760154739,0.4660996928892039,high_abstention
seismic_bumps,rf,isotonic,0.008823529411764706,0.9705882352941175,0.9617647058823529,0.8098646034816248,0.07562862669245649,0.46787676140434675,high_abstention
seismic_bumps,gb,isotonic,0.0029411764705882353,0.9617647058823529,0.9588235294117646,0.804642166344294,0.07969052224371373,0.49735576923076924,high_abstention
fraud,hgb,sigmoid,0.0,0.9383838383838384,0.9383838383838384,0.8018714230539657,0.07309083248481443,0.0,high_abstention
sick_numeric,gnb,isotonic,0.0,0.9608695652173912,0.9608695652173912,0.7915231788079471,0.02384105960264901,0.7085006693440429,high_abstention
seismic_bumps,ada,none,0.0,0.9794117647058824,0.9794117647058824,0.7866537717601547,0.07408123791102514,0.4401278583722646,high_abstention
diabetes130us,ada,isotonic,0.13028169014084506,0.9402728873239437,0.8099911971830986,0.7796158003340866,0.13446988306966692,0.8233963310499549,high_abstention
diabetes130us,logreg,isotonic,0.14273767605633803,0.9334947183098592,0.7907570422535212,0.7787019750417608,0.1357079689495922,0.8408613412241241,high_abstention
sick_numeric,gnb,sigmoid,0.0,0.9586956521739131,0.9586956521739131,0.7543046357615895,0.025165562913907286,0.7940298507462686,high_abstention
credit_g,hgb,isotonic,0.8516666666666668,0.9550000000000001,0.10333333333333328,0.7515,0.1565,0.7079174983366601,high_abstention
fraud,hgb,none,0.686868686868687,0.9484848484848485,0.2616161616161615,0.7104227379656612,0.08277097012043116,0.0,low_review_cost_tolerance
mammography,logreg,isotonic,0.21730769230769229,0.9615384615384617,0.7442307692307694,0.6919982118909254,0.06499776486365669,0.045478036175710605,low_review_cost_tolerance
mammography,hgb,isotonic,0.40576923076923077,0.9596153846153846,0.5538461538461539,0.6517657577112204,0.042825212337952626,0.049039780521262,low_review_cost_tolerance
mammography,gnb,isotonic,0.05,0.9634615384615385,0.9134615384615384,0.6292802860974519,0.09628967367009388,0.023016267670668472,low_review_cost_tolerance
wilt,et,isotonic,0.526923076923077,0.976923076923077,0.44999999999999996,0.6238636363636363,0.031508264462809916,0.05149859248219903,low_review_cost_tolerance
mammography,gb,isotonic,0.24230769230769228,0.9653846153846153,0.723076923076923,0.6207420652659812,0.04702726866338846,0.060204522540688456,low_review_cost_tolerance
mammography,ada,isotonic,0.12115384615384617,0.9615384615384617,0.8403846153846155,0.5564148413053196,0.062002682163611975,0.047481320800192815,low_review_cost_tolerance
sick_numeric,logreg,isotonic,0.10869565217391304,0.9586956521739131,0.85,0.5064900662251655,0.08370860927152318,0.23064853556485357,low_review_cost_tolerance
fraud,rf,isotonic,0.5232323232323232,0.9242424242424242,0.40101010101010104,0.5007917559074471,0.026394789508795334,0.0,low_review_cost_tolerance
mammography,rf,isotonic,0.37115384615384617,0.9576923076923076,0.5865384615384615,0.4989271345552078,0.061063924899418864,0.024280978406952775,low_review_cost_tolerance
mammography,et,isotonic,0.3365384615384615,0.9576923076923076,0.6211538461538462,0.49472507822977196,0.06481895395619133,0.004246860034336315,low_review_cost_tolerance
mammography,logreg,sigmoid,0.0,0.9211538461538462,0.9211538461538462,0.49021010281627164,0.1020563254358516,0.0,low_review_cost_tolerance
mammography,logreg,none,0.10769230769230768,0.926923076923077,0.8192307692307693,0.4886008046490836,0.1020563254358516,0.0,low_review_cost_tolerance
mammography,gnb,sigmoid,0.0,0.9423076923076922,0.9423076923076922,0.46526598122485474,0.10943227536879749,0.0019215987701767874,low_review_cost_tolerance
mammography,hgb,sigmoid,0.0,0.9326923076923078,0.9326923076923078,0.4632990612427358,0.06182387125614662,0.029042840602084136,low_review_cost_tolerance
mammography,gnb,none,0.6019230769230769,0.9423076923076923,0.3403846153846154,0.4582029503799731,0.11037103263299061,0.0017560975609756107,low_review_cost_tolerance
aps_failure,gnb,isotonic,0.0,0.9363636363636365,0.9363636363636365,0.3815855263157895,0.04661842105263157,0.024499577593489766,low_review_cost_tolerance
aps_failure,gnb,none,0.8661818181818182,0.9298181818181819,0.06363636363636371,0.37976973684210524,0.048118421052631574,0.020597661325249025,low_review_cost_tolerance
mammography,hgb,none,0.14807692307692308,0.925,0.7769230769230769,0.35230219043361644,0.06696468484577558,0.012308082730617944,low_review_cost_tolerance
mammography,ada,none,0.06346153846153847,0.9346153846153846,0.8711538461538462,0.351855163164953,0.10777827447474295,0.0,low_review_cost_tolerance
mammography,ada,sigmoid,0.0,0.9153846153846154,0.9153846153846154,0.3516763522574877,0.1060795708538221,0.0,low_review_cost_tolerance
mammography,gb,sigmoid,0.0,0.9288461538461539,0.9288461538461539,0.34653553866785874,0.09499329459097006,0.0,low_review_cost_tolerance
mammography,gb,none,0.1576923076923077,0.9211538461538463,0.7634615384615386,0.3395619132767099,0.09606616003576217,0.0,low_review_cost_tolerance
mammography,rf,none,0.046153846153846156,0.9365384615384615,0.8903846153846153,0.33129190880643716,0.09789897183728206,0.0,low_review_cost_tolerance
mammography,rf,sigmoid,0.0,0.9288461538461539,0.9288461538461539,0.32373714796602593,0.1021904336164506,0.0,low_review_cost_tolerance
wilt,rf,isotonic,0.5115384615384615,0.971153846153846,0.45961538461538454,0.3165289256198347,0.0527892561983471,0.07865535248041776,low_review_cost_tolerance
mammography,et,none,0.0,0.925,0.925,0.30518551631649526,0.09472507822977201,0.0,low_review_cost_tolerance
wilt,hgb,isotonic,0.4807692307692307,0.973076923076923,0.4923076923076922,0.2987603305785124,0.062499999999999986,0.028354080221300135,low_review_cost_tolerance
aps_failure,gnb,sigmoid,0.0,0.9196363636363637,0.9196363636363637,0.2866776315789473,0.048967105263157895,0.023453815261044172,low_review_cost_tolerance
wilt,gb,isotonic,0.5115384615384616,0.976923076923077,0.4653846153846154,0.27055785123966947,0.036570247933884296,0.1508209240168003,low_review_cost_tolerance
mammography,et,sigmoid,0.0,0.923076923076923,0.923076923076923,0.2594546267322307,0.09628967367009388,0.0,low_review_cost_tolerance
fraud,rf,sigmoid,0.0,0.8939393939393939,0.8939393939393939,0.2290070573364699,0.03760226115656052,0.0,low_review_cost_tolerance
wilt,logreg,isotonic,0.10192307692307692,0.9519230769230769,0.85,0.22066115702479344,0.0784090909090909,0.15121722846441948,low_review_cost_tolerance
sick_numeric,ada,isotonic,0.12391304347826086,0.9521739130434783,0.8282608695652175,0.207682119205298,0.07496688741721855,0.16326530612244902,low_review_cost_tolerance
sick_numeric,rf,isotonic,0.5456521739130434,0.9499999999999998,0.4043478260869564,0.1694039735099338,0.057350993377483436,0.1673182173573104,low_review_cost_tolerance
fraud,et,none,0.0,0.8737373737373737,0.8737373737373737,0.16508900670622523,0.02061900916400407,0.0,low_review_cost_tolerance
fraud,gnb,isotonic,0.0,0.9070707070707071,0.9070707070707071,0.15469786875460834,0.04308837470594431,0.0,low_review_cost_tolerance
fraud,rf,none,0.00101010101010101,0.8808080808080808,0.8797979797979798,0.1489484217548541,0.0275569678030968,0.0,low_review_cost_tolerance
wilt,ada,isotonic,0.4365384615384615,0.9365384615384615,0.5,0.14111570247933886,0.06601239669421488,0.20497803806734993,low_review_cost_tolerance
sick_numeric,hgb,isotonic,0.4804347826086957,0.9456521739130436,0.46521739130434786,0.11271523178807948,0.05086092715231788,0.23501762632197418,low_review_cost_tolerance
sick_numeric,gb,isotonic,0.46739130434782605,0.9304347826086957,0.46304347826086967,0.10370860927152319,0.06900662251655629,0.17369093231162197,low_review_cost_tolerance
sick_numeric,ada,sigmoid,0.0,0.9043478260869566,0.9043478260869566,0.09483443708609271,0.08,0.12849162011173187,low_review_cost_tolerance
sick_numeric,ada,none,0.0391304347826087,0.9195652173913043,0.8804347826086956,0.09390728476821192,0.07443708609271524,0.18476727785613542,low_review_cost_tolerance
aps_failure,et,none,0.004363636363636364,0.8934545454545455,0.8890909090909092,0.08701315789473682,0.015243421052631578,0.1729169817027068,low_review_cost_tolerance
aps_failure,hgb,none,0.007272727272727273,0.9050909090909091,0.8978181818181817,0.08695394736842105,0.016302631578947367,0.1683437996519634,low_review_cost_tolerance
aps_failure,rf,sigmoid,0.001090909090909091,0.8952727272727273,0.8941818181818182,0.08674342105263158,0.015335526315789475,0.17846037163443307,low_review_cost_tolerance
aps_failure,rf,none,0.0007272727272727272,0.8996363636363636,0.8989090909090909,0.08594736842105263,0.014671052631578946,0.16855480710349052,low_review_cost_tolerance
aps_failure,et,sigmoid,0.006909090909090909,0.8945454545454545,0.8876363636363637,0.08593421052631578,0.016065789473684207,0.18572959730515998,low_review_cost_tolerance
aps_failure,hgb,sigmoid,0.0,0.9043636363636363,0.9043636363636363,0.08564473684210526,0.017631578947368422,0.17014902442771546,low_review_cost_tolerance
miniboone,logreg,sigmoid,0.7627808219178083,0.9001095890410958,0.13732876712328757,0.08228962441855994,0.35223542075116293,0.0671774268896571,low_review_cost_tolerance
aps_failure,gb,sigmoid,0.0,0.8963636363636363,0.8963636363636363,0.07725000000000001,0.023625,0.1809742803610969,low_review_cost_tolerance
aps_failure,gb,none,0.02727272727272727,0.8960000000000001,0.8687272727272729,0.07644736842105264,0.022355263157894736,0.19053356282271944,low_review_cost_tolerance
fraud,et,sigmoid,0.0,0.8818181818181818,0.8818181818181818,0.07576278922790633,0.0181401636178505,0.0,low_review_cost_tolerance
aps_failure,logreg,none,0.3265454545454546,0.8934545454545454,0.5669090909090908,0.07257236842105264,0.03545394736842106,0.08240413380473212,low_review_cost_tolerance
miniboone,logreg,none,0.7525068493150685,0.8992054794520546,0.14669863013698614,0.07197170645446507,0.35469957329027796,0.0,low_review_cost_tolerance
fraud,ada,none,0.0030303030303030303,0.909090909090909,0.9060606060606059,0.06902320845475932,0.05292300129911169,0.0,low_review_cost_tolerance
aps_failure,ada,sigmoid,0.0,0.8945454545454545,0.8945454545454545,0.06878947368421051,0.034124999999999996,0.2050497322111706,low_review_cost_tolerance
fraud,logreg,sigmoid,0.0,0.8868686868686868,0.8868686868686868,0.06787683016748007,0.03656121624942944,0.0,low_review_cost_tolerance
fraud,logreg,none,0.2686868686868687,0.8848484848484848,0.6161616161616161,0.06760471893543066,0.035585126926723075,0.0,low_review_cost_tolerance
aps_failure,ada,none,0.0,0.9047272727272728,0.9047272727272728,0.06719078947368422,0.03631578947368421,0.1742876725741702,low_review_cost_tolerance
fraud,ada,sigmoid,0.0,0.915151515151515,0.915151515151515,0.06274182788525684,0.05442751307889469,0.0,low_review_cost_tolerance
aps_failure,logreg,sigmoid,0.0,0.8996363636363638,0.8996363636363638,0.06251973684210525,0.045664473684210526,0.0,low_review_cost_tolerance
wilt,hgb,none,0.17884615384615382,0.9365384615384615,0.7576923076923077,0.06219008264462811,0.052582644628099175,0.06146179401993355,low_review_cost_tolerance
fraud,ada,isotonic,0.20404040404040408,0.9323232323232322,0.7282828282828282,0.05943962641761173,0.04625188722306099,0.0,low_review_cost_tolerance
fraud,gnb,sigmoid,0.0,0.8767676767676769,0.8767676767676769,0.056349847266598786,0.05973455988202662,0.0,low_review_cost_tolerance
aps_failure,hgb,isotonic,0.28036363636363637,0.9189090909090909,0.6385454545454545,0.05601973684210526,0.022105263157894732,0.16793893129770993,low_review_cost_tolerance
wilt,et,none,0.0,0.9423076923076923,0.9423076923076923,0.05526859504132231,0.0537190082644628,0.16635514018691588,low_review_cost_tolerance
fraud,logreg,isotonic,0.19696969696969696,0.898989898989899,0.702020202020202,0.05448720199431199,0.030104280046346688,0.0,low_review_cost_tolerance
fraud,gnb,none,0.7626262626262628,0.8757575757575757,0.11313131313131297,0.05181348969488432,0.059669604297601896,0.0,low_review_cost_tolerance
miniboone,rf,sigmoid,0.8058493150684931,0.8995890410958903,0.09373972602739722,0.051270518586860415,0.15097835697535847,0.23551023468546148,low_review_cost_tolerance
aps_failure,ada,isotonic,0.19163636363636363,0.9120000000000001,0.7203636363636365,0.050394736842105256,0.040125,0.16109660574412535,low_review_cost_tolerance
wilt,et,sigmoid,0.0,0.9365384615384615,0.9365384615384615,0.049173553719008264,0.06797520661157026,0.13445378151260504,low_review_cost_tolerance
miniboone,et,none,0.8031780821917808,0.8992054794520549,0.0960273972602741,0.04916003536693191,0.15475723676623226,0.17446043165467623,low_review_cost_tolerance
aps_failure,gb,isotonic,0.15454545454545454,0.9185454545454546,0.764,0.04692105263157894,0.03105263157894737,0.14540100953449245,low_review_cost_tolerance
miniboone,et,sigmoid,0.8053972602739726,0.9015068493150684,0.09610958904109579,0.04609233844616154,0.16354515050167223,0.025020850708924108,low_review_cost_tolerance
aps_failure,rf,isotonic,0.25309090909090903,0.9123636363636363,0.6592727272727272,0.04217763157894737,0.020309210526315787,0.24504757448136016,low_review_cost_tolerance
miniboone,rf,isotonic,0.8401643835616438,0.9073698630136985,0.06720547945205468,0.04147157190635452,0.16443316803136893,0.0,low_review_cost_tolerance
miniboone,gb,sigmoid,0.8058356164383561,0.9002739726027397,0.09443835616438356,0.04096028908622612,0.19196171145196633,0.0,low_review_cost_tolerance
miniboone,gb,none,0.8176575342465753,0.9007260273972602,0.08306849315068487,0.0408987813785415,0.18996655518394648,0.0,low_review_cost_tolerance
fraud,et,isotonic,0.5484848484848485,0.88989898989899,0.3414141414141415,0.03904181735191882,0.019400653066956916,0.0,low_review_cost_tolerance
miniboone,et,isotonic,0.8370273972602739,0.9139041095890411,0.07687671232876725,0.029231538077115295,0.18855956637066085,0.0,low_review_cost_tolerance
miniboone,gb,isotonic,0.823013698630137,0.9088493150684931,0.08583561643835613,0.028401184023372928,0.21372775150886092,0.0,low_review_cost_tolerance
aps_failure,logreg,isotonic,0.08545454545454546,0.9065454545454544,0.821090909090909,0.028164473684210527,0.054125,0.0,low_review_cost_tolerance
miniboone,ada,isotonic,0.8264520547945204,0.9097945205479452,0.08334246575342474,0.01676469457578903,0.3188328912466844,0.0,low_review_cost_tolerance
miniboone,ada,none,0.8119041095890411,0.900164383561644,0.08826027397260283,0.004628455003267597,0.3471187483181486,0.0,low_review_cost_tolerance
miniboone,ada,sigmoid,0.8101780821917808,0.900904109589041,0.09072602739726021,0.0024756852343059237,0.3458578403106139,0.0,low_review_cost_tolerance
seismic_bumps,ada,sigmoid,0.0,0.9705882352941178,0.9705882352941178,0.7421663442940039,0.09168278529980659,0.46963773781600204,marginal_undercoverage
seismic_bumps,gb,none,0.020588235294117647,0.9676470588235293,0.9470588235294116,0.7410058027079305,0.11876208897485493,0.4876011485251892,marginal_undercoverage
diabetes130us,rf,isotonic,0.12702464788732393,0.9283450704225352,0.8013204225352113,0.7393534440404833,0.1582784710621991,0.836737812981766,marginal_undercoverage
seismic_bumps,hgb,sigmoid,0.0,0.9441176470588235,0.9441176470588235,0.7382978723404257,0.1344294003868472,0.5740110034058161,marginal_undercoverage
diabetes130us,et,isotonic,0.13160211267605632,0.924031690140845,0.7924295774647887,0.7366512724771543,0.1598702957649602,0.836372367245128,marginal_undercoverage
ozone_level_8hr,logreg,isotonic,0.1125,0.996875,0.8843749999999999,0.7272189349112427,0.047534516765286,0.333062110116626,marginal_undercoverage
oil_spill,gb,isotonic,0.1125,0.9625,0.85,0.7265957446808511,0.05797872340425532,0.3074670571010249,marginal_undercoverage
diabetes130us,hgb,isotonic,0.11980633802816901,0.9286971830985916,0.8088908450704226,0.721750024565196,0.1533654318561462,0.8314216670637486,marginal_undercoverage
pc1,gnb,sigmoid,0.0,0.94375,0.94375,0.7211711711711712,0.1297297297297297,0.6158650843222986,marginal_undercoverage
seismic_bumps,hgb,none,0.026470588235294117,0.9676470588235295,0.9411764705882354,0.7181818181818181,0.11102514506769827,0.5847023969835712,marginal_undercoverage
diabetes130us,gb,isotonic,0.13565140845070423,0.9211707746478872,0.785519366197183,0.7143460744816743,0.156318168418984,0.8280375245876834,marginal_undercoverage
seismic_bumps,logreg,sigmoid,0.0,0.9411764705882353,0.9411764705882353,0.7079303675048356,0.12475822050290135,0.45628415300546443,marginal_undercoverage
seismic_bumps,gb,sigmoid,0.0,0.9411764705882353,0.9411764705882353,0.7011605415860734,0.12920696324951647,0.4816551724137931,marginal_undercoverage
seismic_bumps,logreg,none,0.0,0.9264705882352942,0.9264705882352942,0.6963249516441007,0.13520309477756284,0.44305555555555554,marginal_undercoverage
pc1,hgb,isotonic,0.1125,0.91875,0.8062499999999999,0.6945945945945946,0.0918918918918919,0.4747081712062257,marginal_undercoverage
seismic_bumps,et,none,0.0,0.9558823529411764,0.9558823529411764,0.6940038684719536,0.11663442940038685,0.4955406911928651,marginal_undercoverage
diabetes130us,ada,sigmoid,0.1039612676056338,0.9031690140845072,0.7992077464788734,0.6886459663948118,0.19682617667288985,0.8397911063231716,marginal_undercoverage
diabetes130us,logreg,none,0.10611795774647888,0.9032570422535212,0.7971390845070423,0.6873882283580623,0.19662474206544167,0.8597179635625505,marginal_undercoverage
diabetes130us,ada,none,0.10466549295774649,0.9048415492957748,0.8001760563380282,0.6867544463004814,0.1931020929547018,0.8508820878224663,marginal_undercoverage
diabetes130us,logreg,sigmoid,0.1065580985915493,0.9001320422535212,0.7935739436619719,0.686145229438931,0.19961678294192786,0.8597502470320354,marginal_undercoverage
seismic_bumps,et,sigmoid,0.0,0.9470588235294117,0.9470588235294117,0.683752417794971,0.12456479690522246,0.48203677510608206,marginal_undercoverage
pc1,logreg,isotonic,0.03125,0.9625,0.93125,0.6833333333333333,0.060810810810810814,0.6400791034937376,marginal_undercoverage
seismic_bumps,gnb,sigmoid,0.0,0.9294117647058824,0.9294117647058824,0.6822050290135396,0.1404255319148936,0.5551460164445705,marginal_undercoverage
diabetes130us,rf,sigmoid,0.1013644366197183,0.9009683098591548,0.7996038732394365,0.6772477154367691,0.20037830401886608,0.8508273665730846,marginal_undercoverage
oil_spill,gnb,isotonic,0.0875,0.875,0.7875,0.6744680851063829,0.12978723404255316,0.28233438485804413,marginal_undercoverage
diabetes130us,rf,none,0.10699823943661972,0.9004401408450704,0.7934419014084507,0.6734597622089025,0.20019160852903606,0.8499153754121801,marginal_undercoverage
diabetes130us,et,sigmoid,0.10048415492957748,0.900044014084507,0.7995598591549294,0.6723887196619829,0.20143952048737349,0.8540823335135688,marginal_undercoverage
diabetes130us,et,none,0.1037411971830986,0.897095070422535,0.7933538732394364,0.6681536798663653,0.20366021420850938,0.8434733374511015,marginal_undercoverage
wilt,gnb,isotonic,0.15576923076923074,0.9615384615384615,0.8057692307692307,0.662706611570248,0.07892561983471075,0.37630553390491034,marginal_undercoverage
ozone_level_8hr,rf,isotonic,0.171875,0.98125,0.809375,0.6609467455621302,0.06804733727810651,0.30110414801551777,marginal_undercoverage
ozone_level_8hr,hgb,isotonic,0.115625,0.965625,0.85,0.6597633136094674,0.08106508875739644,0.36083707025411066,marginal_undercoverage
diabetes130us,hgb,sigmoid,0.1063380281690141,0.8996038732394366,0.7932658450704225,0.6506386950967868,0.20072221676328977,0.8496273531121867,marginal_undercoverage
diabetes130us,gb,sigmoid,0.1079225352112676,0.9003961267605634,0.7924735915492958,0.6503979561756903,0.19984769578461237,0.8476832197730809,marginal_undercoverage
ozone_level_8hr,ada,isotonic,0.1,0.96875,0.86875,0.647337278106509,0.06883629191321498,0.40737355271176107,marginal_undercoverage
diabetes130us,gb,none,0.10462147887323943,0.8991637323943662,0.7945422535211267,0.6461088729488061,0.20101699911565296,0.8482917518953075,marginal_undercoverage
diabetes130us,hgb,none,0.1065580985915493,0.8980633802816902,0.7915052816901409,0.6454308735383708,0.20122334676230716,0.8482922410577677,marginal_undercoverage
seismic_bumps,rf,sigmoid,0.0,0.9382352941176471,0.9382352941176471,0.641779497098646,0.13133462282398453,0.5114526823387583,marginal_undercoverage
seismic_bumps,rf,none,0.0,0.9352941176470588,0.9352941176470588,0.6388781431334624,0.13636363636363638,0.5143808658795035,marginal_undercoverage
pc1,et,isotonic,0.075,0.9625,0.8875000000000001,0.6351351351351352,0.07972972972972972,0.49929078014184397,marginal_undercoverage
ozone_level_8hr,gb,isotonic,0.13125,0.95,0.81875,0.6331360946745562,0.08500986193293886,0.38380062305295953,marginal_undercoverage
pc1,ada,isotonic,0.1,0.91875,0.81875,0.5945945945945946,0.09864864864864865,0.6681818181818182,marginal_undercoverage
pc1,rf,isotonic,0.11875,0.9625,0.84375,0.5797297297297297,0.06891891891891891,0.6122766122766123,marginal_undercoverage
pc1,gb,isotonic,0.13125,0.91875,0.7875,0.5738738738738739,0.1009009009009009,0.685243328100471,marginal_undercoverage
ozone_level_8hr,et,isotonic,0.175,0.971875,0.796875,0.5585798816568047,0.0767258382642998,0.356638418079096,marginal_undercoverage
oil_spill,rf,isotonic,0.15,0.95,0.7999999999999999,0.5547872340425531,0.06968085106382978,0.31255992329817833,marginal_undercoverage
bank_marketing,gnb,isotonic,0.19848771266540643,0.9389413988657846,0.7404536862003782,0.5450624792657304,0.12416233550812783,0.6761209170217083,marginal_undercoverage
pc1,logreg,sigmoid,0.0,0.91875,0.91875,0.46621621621621623,0.1445945945945946,0.7072463768115942,marginal_undercoverage
wilt,gnb,sigmoid,0.0,0.9423076923076922,0.9423076923076922,0.46280991735537186,0.12510330578512396,0.44933035714285713,marginal_undercoverage
pc1,hgb,sigmoid,0.0,0.8375,0.8375,0.43468468468468463,0.20090090090090093,0.5119170984455959,marginal_undercoverage
pc1,et,sigmoid,0.0,0.94375,0.94375,0.42837837837837833,0.12702702702702703,0.5920084121976866,marginal_undercoverage
oil_spill,gb,sigmoid,0.0,0.9375,0.9375,0.4212765957446808,0.10691489361702126,0.33207070707070707,marginal_undercoverage
ozone_level_8hr,gb,sigmoid,0.0,0.934375,0.934375,0.3875739644970414,0.11873767258382643,0.49872773536895676,marginal_undercoverage
oil_spill,gb,none,0.1375,0.9375,0.8,0.3813829787234043,0.10904255319148937,0.3514644351464435,marginal_undercoverage
oil_spill,gnb,sigmoid,0.0,0.7375,0.7375,0.3728723404255319,0.22606382978723402,0.5092724679029957,marginal_undercoverage
pc1,rf,sigmoid,0.0,0.9125,0.9125,0.3572072072072072,0.15045045045045044,0.7313997477931904,marginal_undercoverage
oil_spill,logreg,isotonic,0.05,0.9,0.85,0.35638297872340424,0.09042553191489362,0.36567164179104483,marginal_undercoverage
pc1,ada,sigmoid,0.0,0.81875,0.81875,0.3463963963963964,0.20135135135135135,0.6970091027308192,marginal_undercoverage
pc1,logreg,none,0.08125,0.8875,0.8062499999999999,0.3423423423423424,0.16801801801801802,0.8552631578947367,marginal_undercoverage
pc1,gb,sigmoid,0.0,0.85625,0.85625,0.3342342342342342,0.18963963963963965,0.7075471698113207,marginal_undercoverage
ozone_level_8hr,gb,none,0.090625,0.94375,0.853125,0.33412228796844184,0.11755424063116371,0.5460448642266824,marginal_undercoverage
pc1,et,none,0.05,0.925,0.875,0.32927927927927925,0.13288288288288289,0.6183310533515732,marginal_undercoverage
pc1,rf,none,0.13125,0.9125,0.78125,0.32657657657657657,0.1563063063063063,0.7986206896551724,marginal_undercoverage
pc1,ada,none,0.1,0.8625,0.7625000000000001,0.3234234234234234,0.1900900900900901,0.924791086350975,marginal_undercoverage
ozone_level_8hr,ada,sigmoid,0.0,0.940625,0.940625,0.31341222879684416,0.11439842209072978,0.6651982378854626,marginal_undercoverage
ozone_level_8hr,ada,none,0.09375,0.9125,0.81875,0.30769230769230776,0.1416173570019724,0.525,marginal_undercoverage
ozone_level_8hr,hgb,none,0.0625,0.93125,0.86875,0.2838264299802762,0.12623274161735698,0.6400277970813064,marginal_undercoverage
ozone_level_8hr,logreg,sigmoid,0.0,0.94375,0.94375,0.28382642998027613,0.12011834319526629,0.655316191799861,marginal_undercoverage
ozone_level_8hr,rf,sigmoid,0.0,0.93125,0.93125,0.2830374753451676,0.12465483234714003,0.5261324041811847,marginal_undercoverage
ozone_level_8hr,hgb,sigmoid,0.0,0.921875,0.921875,0.27988165680473376,0.1329388560157791,0.6680761099365751,marginal_undercoverage
ozone_level_8hr,rf,none,0.00625,0.934375,0.928125,0.2739644970414201,0.12307692307692308,0.5298776097912167,marginal_undercoverage
pc1,gb,none,0.15,0.85625,0.7062499999999999,0.2716216216216217,0.19009009009009006,0.7346600331674958,marginal_undercoverage
ozone_level_8hr,logreg,none,0.115625,0.946875,0.83125,0.2641025641025641,0.11834319526627217,0.6699029126213593,marginal_undercoverage
ozone_level_8hr,et,sigmoid,0.0,0.915625,0.915625,0.2560157790927022,0.13372781065088757,0.5130970724191063,marginal_undercoverage
ozone_level_8hr,et,none,0.0,0.925,0.925,0.2522682445759369,0.12859960552268246,0.5355746677091477,marginal_undercoverage
oil_spill,rf,sigmoid,0.0,0.8625,0.8625,0.2271276595744681,0.13882978723404255,0.36533957845433257,marginal_undercoverage
oil_spill,et,sigmoid,0.0,0.85,0.85,0.21755319148936172,0.14787234042553193,0.4083129584352079,marginal_undercoverage
oil_spill,hgb,none,0.05,0.875,0.825,0.18670212765957445,0.125,0.3817663817663817,marginal_undercoverage
oil_spill,rf,none,0.0,0.8125,0.8125,0.18510638297872342,0.14574468085106382,0.3045977011494253,marginal_undercoverage
sick_numeric,logreg,sigmoid,0.0,0.8869565217391304,0.8869565217391304,0.17668874172185428,0.13933774834437085,0.34707646176911544,marginal_undercoverage
oil_spill,et,none,0.0,0.8625,0.8625,0.17553191489361702,0.15,0.4333333333333333,marginal_undercoverage
oil_spill,ada,sigmoid,0.0,0.7875,0.7875,0.16968085106382977,0.14840425531914891,0.567398119122257,marginal_undercoverage
sick_numeric,logreg,none,0.0891304347826087,0.8934782608695653,0.8043478260869565,0.15841059602649005,0.14013245033112584,0.34448160535117056,marginal_undercoverage
oil_spill,ada,none,0.1375,0.8125,0.675,0.15106382978723404,0.1377659574468085,0.5985915492957746,marginal_undercoverage
oil_spill,logreg,sigmoid,0.0,0.85,0.85,0.12606382978723402,0.149468085106383,0.5611814345991561,marginal_undercoverage
oil_spill,logreg,none,0.1875,0.8375,0.65,0.11648936170212768,0.1595744680851064,0.7853881278538812,marginal_undercoverage
oil_spill,hgb,sigmoid,0.0,0.85,0.85,0.11436170212765959,0.14202127659574468,1.227906976744186,marginal_undercoverage
sick_numeric,gb,none,0.14782608695652172,0.9086956521739131,0.7608695652173914,0.08225165562913908,0.0390728476821192,0.5120772946859903,marginal_undercoverage
sick_numeric,gb,sigmoid,0.0,0.9043478260869566,0.9043478260869566,0.07748344370860928,0.049271523178807945,0.5435897435897435,marginal_undercoverage
sick_numeric,rf,sigmoid,0.0,0.9108695652173914,0.9108695652173914,0.07615894039735098,0.06344370860927152,0.33391304347826084,marginal_undercoverage
sick_numeric,hgb,none,0.1826086956521739,0.9260869565217392,0.7434782608695654,0.07470198675496689,0.03350993377483444,0.3723404255319149,marginal_undercoverage
wilt,rf,sigmoid,0.0,0.9269230769230768,0.9269230769230768,0.07272727272727272,0.04400826446280991,0.3480113636363637,marginal_undercoverage
sick_numeric,hgb,sigmoid,0.0,0.9282608695652176,0.9282608695652176,0.0700662251655629,0.03139072847682119,0.6086956521739131,marginal_undercoverage
sick_numeric,rf,none,0.002173913043478261,0.9043478260869564,0.9021739130434782,0.06900662251655629,0.051258278145695356,0.44721689059500963,marginal_undercoverage
sick_numeric,et,sigmoid,0.0,0.8891304347826088,0.8891304347826088,0.0666225165562914,0.08437086092715232,0.7813121272365805,marginal_undercoverage
wilt,rf,none,0.1576923076923077,0.9384615384615385,0.7807692307692308,0.06425619834710743,0.04576446280991735,0.26366559485530544,marginal_undercoverage
wilt,gb,sigmoid,0.0,0.9288461538461539,0.9288461538461539,0.06291322314049587,0.05547520661157025,0.3316912972085386,marginal_undercoverage
wilt,hgb,sigmoid,0.0,0.9403846153846154,0.9403846153846154,0.05919421487603306,0.06280991735537189,0.29842931937172773,marginal_undercoverage
wilt,gb,none,0.1519230769230769,0.9365384615384615,0.7846153846153846,0.0550619834710744,0.05578512396694215,0.42589118198874293,marginal_undercoverage
wilt,logreg,sigmoid,0.0,0.9403846153846154,0.9403846153846154,0.05392561983471074,0.0837809917355372,0.5766283524904214,marginal_undercoverage
wilt,logreg,none,0.007692307692307693,0.9384615384615383,0.9307692307692307,0.053822314049586775,0.08326446280991737,0.2706333973128599,marginal_undercoverage
sick_numeric,et,none,0.0,0.8978260869565219,0.8978260869565219,0.05231788079470199,0.08834437086092715,0.7797468354430379,marginal_undercoverage
wilt,ada,sigmoid,0.0,0.9173076923076924,0.9173076923076924,0.04824380165289256,0.06683884297520662,0.5845824411134903,marginal_undercoverage
wilt,ada,none,0.1826923076923077,0.9346153846153845,0.7519230769230768,0.044524793388429754,0.07066115702479339,0.4988399071925754,marginal_undercoverage
ozone_level_8hr,gnb,none,0.946875,0.96875,0.021874999999999978,0.7258382642998027,0.10374753451676529,0.40489130434782605,watch
sick_numeric,gnb,none,1.0,0.9434782608695652,-0.05652173913043479,0.7202649006622517,0.043046357615894044,0.7796984185362266,watch
uci_default,logreg,isotonic,0.5925395629238885,0.9452901281085155,0.352750565184627,0.7190166666666667,0.19231666666666666,0.8140515982476066,watch
credit_g,logreg,isotonic,0.8383333333333335,0.95,0.11166666666666647,0.7135,0.19600000000000004,0.7070777855641205,watch
credit_g,gb,isotonic,0.875,0.9583333333333333,0.08333333333333326,0.7129999999999999,0.17350000000000002,0.6907433380084151,watch
credit_g,gnb,isotonic,0.8183333333333334,0.9316666666666666,0.11333333333333329,0.6985,0.23149999999999998,0.6327845382963493,watch
seismic_bumps,gnb,none,0.7176470588235293,0.9294117647058824,0.21176470588235308,0.6847195357833655,0.13597678916827854,0.4887005649717514,watch
uci_default,gnb,isotonic,0.5920120572720422,0.9278070836473248,0.3357950263752826,0.68455,0.22411666666666666,0.8194190830959511,watch
credit_g,ada,isotonic,0.8133333333333332,0.9450000000000001,0.13166666666666682,0.6815,0.215,0.7622890682318415,watch
credit_g,rf,isotonic,0.8933333333333332,0.9566666666666664,0.06333333333333324,0.6815,0.1715,0.7094644167278064,watch
pc1,gnb,none,0.3375,0.91875,0.5812499999999999,0.6527027027027028,0.1472972972972973,0.6100759144237405,watch
credit_g,et,isotonic,0.8766666666666666,0.9516666666666665,0.07499999999999996,0.6515000000000001,0.188,0.6999232540291636,watch
uci_default,logreg,none,0.5659382064807839,0.9120572720422004,0.3461190655614166,0.6458999999999999,0.27253333333333335,0.7777003664137896,watch
uci_default,logreg,sigmoid,0.5727957799547851,0.9120572720422004,0.3392614920874153,0.6446333333333333,0.27349999999999997,0.7810124618646259,watch
uci_default,ada,isotonic,0.6071590052750564,0.9403165033911076,0.3331574981160512,0.6360999999999999,0.19736666666666663,0.8344861918985484,watch
uci_default,gnb,sigmoid,0.559758854559156,0.9019593067068575,0.34220045214770156,0.6119166666666667,0.29335000000000006,0.805992101320986,watch
uci_default,gnb,none,0.9016578749058025,0.9009796533534289,-0.0006782215523736257,0.6086666666666668,0.29516666666666663,0.8090087623220152,watch
uci_default,hgb,isotonic,0.6028636021100227,0.9327053504144688,0.3298417483044461,0.6039166666666668,0.213,0.8301090106250862,watch
uci_default,et,isotonic,0.6092690278824415,0.9263752825923135,0.31710625470987197,0.5930166666666666,0.23169999999999996,0.8244568730502234,watch
uci_default,gb,isotonic,0.613715146948003,0.9298417483044462,0.3161266013564432,0.5867333333333333,0.22396666666666665,0.8303885922054313,watch
uci_default,rf,isotonic,0.613413715146948,0.9211002260738509,0.3076865109269029,0.5836,0.24108333333333337,0.8219671007539411,watch
credit_g,gb,sigmoid,0.7166666666666667,0.9183333333333332,0.20166666666666655,0.5825,0.30500000000000005,0.6,watch
credit_g,gnb,none,0.875,0.9233333333333332,0.04833333333333323,0.5765,0.28550000000000003,0.6773633998265395,watch
credit_g,logreg,sigmoid,0.6883333333333332,0.9066666666666666,0.21833333333333338,0.5730000000000001,0.34900000000000003,0.5837696335078534,watch
credit_g,hgb,sigmoid,0.74,0.9066666666666668,0.16666666666666685,0.5705,0.3375,0.6450482033304119,watch
credit_g,gnb,sigmoid,0.7133333333333333,0.9116666666666667,0.19833333333333347,0.5675000000000001,0.3215,0.6484581497797357,watch
credit_g,logreg,none,0.7383333333333334,0.9083333333333332,0.16999999999999982,0.5595,0.34,0.5942806076854334,watch
uci_default,ada,none,0.6156744536548606,0.9098718914845516,0.294197437829691,0.5519000000000001,0.2745833333333333,0.8041311831853597,watch
uci_default,ada,sigmoid,0.585380557648832,0.9064807837226827,0.3211002260738507,0.5495833333333333,0.2801166666666667,0.8103108415466262,watch
credit_g,ada,sigmoid,0.725,0.9066666666666666,0.18166666666666664,0.5455,0.354,0.5985334555453712,watch
credit_g,gb,none,0.7866666666666666,0.9199999999999999,0.1333333333333333,0.5455,0.31050000000000005,0.7351054078826764,watch
credit_g,hgb,none,0.7716666666666667,0.9166666666666666,0.1449999999999999,0.541,0.312,0.6561922365988909,watch
credit_g,rf,none,0.7299999999999999,0.9216666666666666,0.19166666666666676,0.5365,0.3075,0.6728797763280522,watch
credit_g,ada,none,0.7566666666666666,0.9016666666666666,0.14500000000000002,0.5325,0.378,0.6469483568075118,watch
uci_default,rf,sigmoid,0.5825169555388093,0.904898266767144,0.3223813112283347,0.5306500000000001,0.2876833333333334,0.8104839976129903,watch
oil_spill,et,isotonic,0.225,0.9,0.675,0.5292553191489362,0.0925531914893617,0.2904522613065327,watch
oil_spill,gnb,none,0.9375,0.8,-0.13749999999999996,0.528723404255319,0.20372340425531915,0.40241448692152915,watch
oil_spill,hgb,isotonic,0.2625,0.9375,0.675,0.5281914893617022,0.07393617021276595,0.3363544813695871,watch
uci_default,rf,none,0.5908063300678221,0.9050489826676715,0.3142426525998494,0.5278166666666666,0.2869666666666667,0.8109191954277053,watch
credit_g,rf,sigmoid,0.7,0.9233333333333332,0.22333333333333327,0.5265000000000001,0.299,0.654320987654321,watch
uci_default,hgb,sigmoid,0.5772418990203466,0.9061793519216277,0.32893745290128107,0.5230833333333333,0.28476666666666667,0.8248526366098454,watch
uci_default,et,sigmoid,0.5835719668425019,0.9054257724189902,0.32185380557648835,0.5222166666666667,0.28765,0.8359557016564005,watch
uci_default,et,none,0.5814619442351168,0.9058779201205727,0.3244159758854559,0.5180333333333332,0.2875166666666667,0.8195096840615147,watch
credit_g,et,none,0.7166666666666667,0.9083333333333332,0.19166666666666654,0.516,0.34149999999999997,0.6162790697674418,watch
credit_g,et,sigmoid,0.7133333333333334,0.9116666666666667,0.19833333333333336,0.515,0.3295,0.6514563106796116,watch
uci_default,gb,sigmoid,0.5824415975885457,0.905199698568199,0.3227581009796533,0.5115833333333333,0.2877166666666667,0.8244013683010263,watch
uci_default,hgb,none,0.5830444611906557,0.9047475508666164,0.32170308967596073,0.5113666666666667,0.2890833333333333,0.816537383482172,watch
uci_default,gb,none,0.5871137905048982,0.9046721929163528,0.3175584024114546,0.5082,0.28901666666666664,0.8224780270234815,watch
oil_spill,ada,isotonic,0.2375,0.9,0.6625000000000001,0.498936170212766,0.09308510638297873,0.3006396588486141,watch
wilt,gnb,none,0.5365384615384615,0.9442307692307692,0.4076923076923077,0.46012396694214874,0.12262396694214876,0.4643017512348451,watch
pc1,hgb,none,0.2125,0.91875,0.7062499999999999,0.4373873873873874,0.1382882882882883,0.49124613800205974,watch
bank_marketing,gnb,none,0.6601134215500946,0.9072778827977317,0.24716446124763713,0.4048214088245052,0.1949463673559659,0.7303321678321678,watch
bank_marketing,gnb,sigmoid,0.206710775047259,0.9052930056710775,0.6985822306238185,0.4031294924250802,0.1973460134910981,0.7262926896173365,watch
adult,logreg,isotonic,0.6759623609923012,0.9159110350727119,0.23994867408041065,0.36358890367488994,0.27027331354283957,0.7501900391339846,watch
adult,gnb,isotonic,0.6606928999144568,0.9179213002566294,0.25722840034217265,0.35855256423380083,0.26449994881768857,0.7286664573043653,watch
adult,logreg,none,0.6421300256629598,0.904148845166809,0.2620188195038492,0.32180366465349575,0.3063466066127546,0.7391290517543023,watch
adult,logreg,sigmoid,0.645295124037639,0.9038494439692044,0.2585543199315654,0.32180366465349575,0.30694032142491556,0.7441867862709546,watch
bank_marketing,logreg,isotonic,0.3656899810964083,0.9210775047258981,0.5553875236294898,0.32045781267278556,0.16569722437244278,0.7536491942441077,watch
adult,gnb,none,0.698759623609923,0.9039777587681778,0.2052181351582547,0.3149759443136452,0.3062544784522469,0.7303542411439714,watch
adult,gnb,sigmoid,0.6168092386655262,0.9029084687767321,0.28609923011120597,0.3143515201146484,0.30856791892721874,0.7427789898726758,watch
bank_marketing,logreg,sigmoid,0.2670132325141777,0.9073724007561437,0.640359168241966,0.2705739245825501,0.1940395886320911,0.7773418342324669,watch
bank_marketing,logreg,none,0.26776937618147445,0.9057655954631381,0.6379962192816636,0.26743337388034943,0.19617383611633307,0.794161429043996,watch
adult,ada,isotonic,0.7370829769033361,0.9228828058169375,0.18579982891360136,0.2578769577234108,0.2427372300133074,0.6412353127977135,watch
bank_marketing,ada,isotonic,0.41890359168241964,0.9207939508506616,0.501890359168242,0.23128386597368128,0.16746654871171068,0.8361941190533111,watch
adult,ada,none,0.7052181351582549,0.909153122326775,0.2039349871685201,0.21271368615006653,0.2883304330023544,0.5493743984600578,watch
adult,ada,sigmoid,0.6571000855431993,0.9034217279726262,0.2463216424294269,0.2117207493090388,0.3002866209438018,0.5073248561620655,watch
adult,et,isotonic,0.73562874251497,0.92027373823781,0.18464499572284,0.2068174838775719,0.25919746135735494,0.6259651554147694,watch
adult,rf,isotonic,0.705688622754491,0.9174508126603934,0.21176218990590245,0.19477940423789536,0.2673354488688709,0.6223985705276435,watch
adult,hgb,isotonic,0.7218562874251496,0.9260906757912745,0.20423438836612484,0.1889446207390726,0.23764970826082504,0.6230902589663019,watch
bank_marketing,ada,sigmoid,0.21540642722117204,0.9039697542533082,0.6885633270321361,0.18701758266062146,0.19932544509565409,0.8577341532639546,watch
bank_marketing,ada,none,0.3344990548204159,0.9032136105860115,0.5687145557655955,0.18698440782926018,0.20049762247041913,0.8634455023951741,watch
adult,gb,isotonic,0.7112489307100086,0.9191189050470487,0.20786997433704013,0.1838980448357048,0.26149042890776947,0.6229334817701085,watch
adult,et,sigmoid,0.709880239520958,0.9079555175363557,0.1980752780153977,0.17391749411403418,0.2963558194288054,0.5195997645673925,watch
adult,et,none,0.6969632164242942,0.9079127459366981,0.21094952951240398,0.17350803562288875,0.2969085883918518,0.5167551622418879,watch
adult,rf,sigmoid,0.6988879384088965,0.9087254063301968,0.2098374679213003,0.16931108608864776,0.2954959565973999,0.5462515114873036,watch
adult,rf,none,0.6982891360136869,0.9075705731394355,0.20928143712574854,0.16832838570989866,0.29843382127136864,0.5204329846752614,watch
adult,gb,sigmoid,0.6942258340461933,0.9082976903336185,0.2140718562874252,0.15097758214760978,0.2959054150885454,0.5040341718082582,watch
adult,gb,none,0.6869118905047049,0.906672369546621,0.2197604790419161,0.14911454601289795,0.30020472924557273,0.466122056703508,watch
adult,hgb,sigmoid,0.7124465355004277,0.9097519247219846,0.19730538922155694,0.14103797727505377,0.292087214658614,0.43663811874002034,watch
bank_marketing,gb,isotonic,0.48034026465028357,0.9160680529300567,0.4357277882797731,0.13840539643923475,0.17675550149286742,0.8330137424097155,watch
bank_marketing,rf,isotonic,0.48081285444234406,0.92882797731569,0.44801512287334594,0.13483357292933762,0.16100851487338272,0.8211268760764373,watch
adult,hgb,none,0.7161248930710009,0.9078272027373823,0.19170230966638135,0.13420002047292454,0.29726686457160406,0.4376048817696415,watch
bank_marketing,et,isotonic,0.48894139886578447,0.9131379962192817,0.42419659735349724,0.11514983965498175,0.18227358177595931,0.8394314798809182,watch
bank_marketing,hgb,isotonic,0.5003780718336484,0.9166351606805293,0.41625708884688095,0.11057171292712595,0.171458586752184,0.8011801180118012,watch
miniboone,logreg,isotonic,0.7992739726027397,0.9095342465753425,0.11026027397260285,0.10610079575596817,0.3202168146695883,0.3472101449275362,watch
sick_numeric,et,isotonic,0.2565217391304348,0.9369565217391307,0.6804347826086958,0.10397350993377483,0.06490066225165562,0.6356687898089172,watch
bank_marketing,gb,sigmoid,0.3818525519848771,0.9005671077504726,0.5187145557655954,0.10124958531460797,0.2048545836558664,0.855832241153342,watch
bank_marketing,gb,none,0.375992438563327,0.9014177693761815,0.5254253308128545,0.10077407939842972,0.20298573482251467,0.8348513113135082,watch
bank_marketing,et,sigmoid,0.37202268431001895,0.9042533081285444,0.5322306238185255,0.09630653544177817,0.198827822625235,0.8384429900103341,watch
bank_marketing,rf,sigmoid,0.4051984877126654,0.9058601134215503,0.5006616257088848,0.09272365365476058,0.19718013933429174,0.8091830649970184,watch
bank_marketing,et,none,0.2635160680529301,0.9031190926275994,0.6396030245746693,0.09064469755612076,0.20015481587968592,0.7941929974380871,watch
bank_marketing,rf,none,0.38336483931947074,0.9036862003780717,0.5203213610586009,0.08780272033617162,0.19922592060157027,0.7690176322418136,watch
bank_marketing,hgb,sigmoid,0.4103969754253308,0.9037807183364839,0.49338374291115306,0.0767886763242287,0.20025434037376977,0.7949308755760369,watch
bank_marketing,hgb,none,0.4342155009451796,0.899054820415879,0.46483931947069945,0.07004312728076964,0.20507574919827493,0.7669718976949795,watch
miniboone,hgb,none,0.8261232876712329,0.9013150684931507,0.0751917808219178,0.059124284011840236,0.11854072963518243,0.4773081924577373,watch
miniboone,hgb,sigmoid,0.8102739726027396,0.9014931506849315,0.09121917808219193,0.05789412985814785,0.12167762272709799,0.46759628154050464,watch
miniboone,rf,none,0.8073150684931505,0.8997808219178083,0.09246575342465779,0.053419444124091796,0.14324760696574787,0.3023891767415084,watch
miniboone,hgb,isotonic,0.8338356164383562,0.9091780821917809,0.07534246575342463,0.04791066005458809,0.13412140083804253,0.28717002326887586,watch
aps_failure,et,isotonic,0.22400000000000003,0.9036363636363636,0.6796363636363636,0.04536842105263158,0.01992105263157895,0.2653712296983759,watch
